{"version":3,"hash":{"type":"Buffer","data":"Wp3uIBztt95gy51HYdaMcFeoccx4KIMI6FR8v+/qWLdXPyfR2G+Vnuf6EO/KCDqblgrBkq9/S5a4aiDvhxN7M6jYcinLs75NOaJxNDhvIUQUW0fk2fI6ahvsg3A87flEj/MeGwkEtEP87CQyORp2gsFK3NOagphH2l2HEy+QoNo="},"indexValueMap":{"JllsuwxZW/yORsKkpnmKzYKCX0xhgORDpxZYKSXY6KU=":{"valueMac":{"type":"Buffer","data":"KZdWwqxpVdxnXiRvUrCDQeQxGB8lGOwoyyosSdblItE="}},"rBWB7bDYZR0ZU6OqhIM/AaBX65Ko4Z8J4OtMsAgUKms=":{"valueMac":{"type":"Buffer","data":"fd876rFwkOjdjH70JbC6iNLbtbUz6we1DOVM20H4a4o="}},"hWE0xBUD+2cb1GtiHcnS+cmo/R+gNoDSrbV3wV1TZis=":{"valueMac":{"type":"Buffer","data":"r79wfHJuPkP9IIYrACdY7TKLslIt5+A3GGEgPxYtTlY="}}}}