{"version":3,"hash":{"type":"Buffer","data":"dk2WVu6yHoiE6nuXOTyYv88WW6OI9g4ctJl90DkxxAOVNALl0OCWaZsglFWIUn4JMeZCmphdDfOF73ugoygassUtm0lfRddue3E3b7mZheKYDfC9X7h/xNpY5+1r3EZxO35lodvBiatcESdpeOecAxoMTRaWn/WZvUUtE/M4Rm8="},"indexValueMap":{"HS0HW7a7yQZ1taiNCpszNURAPGm5vKkeCMpDoG5oJqE=":{"valueMac":{"type":"Buffer","data":"PfOGYNdTbEWFKWdExakBgWesH8uqKF3FLyVb8KlO1jY="}},"/jqqWYMHnyjKRXuwZnKIyOpVcwck0Tdmf3SijYa/FCg=":{"valueMac":{"type":"Buffer","data":"sStPAri/9Og6o4mZWPzwHgiV5AetwVUmyxwa/ZmJ570="}},"IvlPu1xlc2RmhAVpQNuR5yKquoiVQFzfzPswZxfeZhU=":{"valueMac":{"type":"Buffer","data":"9K9U99t4Edm1xO78VnSnHQHCRrI5qCW/dTReFe95eFI="}}}}