{"_sessions":{"BRHq52+X007BO7Ph+UhPYpHFkwU5CJULCizUnyhjV48O":{"registrationId":128889661,"currentRatchet":{"ephemeralKeyPair":{"pubKey":"BWJKTfvsSUSJaplQfaRl9ZyDUhtmHkj+sCM42nZnMht1","privKey":"ULfDife2JvkFlGhdUYq+NWWfRDYRpmXrbx8gHmHsWkE="},"lastRemoteEphemeralKey":"BT8Ao0H5tksCq7mqIDX9wg0maETpRukKrk12aCO4IUo6","previousCounter":0,"rootKey":"dooEy8ijmvyhhWC2W1bVWQdjLJDkoMRs36kZMAUiIT4="},"indexInfo":{"baseKey":"BRHq52+X007BO7Ph+UhPYpHFkwU5CJULCizUnyhjV48O","baseKeyType":2,"closed":-1,"used":1740204783788,"created":1740204783788,"remoteIdentityKey":"BWSR+S012aWVgnOX4IpBlJn9TdGGdxudkHWS/NdHXkR+"},"_chains":{"BT8Ao0H5tksCq7mqIDX9wg0maETpRukKrk12aCO4IUo6":{"chainKey":{"counter":0,"key":"FwBoQc7Nqq6QF0M7+LOH/d75o0PEo4nXkctsIYIE4DQ="},"chainType":2,"messageKeys":{}},"BWJKTfvsSUSJaplQfaRl9ZyDUhtmHkj+sCM42nZnMht1":{"chainKey":{"counter":-1,"key":"+91AQe4tL8m6SC7JeWzmWg9SdefDn969K5igH3ppAQk="},"chainType":1,"messageKeys":{}}}}},"version":"v1"}