{"_sessions":{"BRQaD2u7uZ8vkSL57ckJR5d9CnukDICcGr0J9i9S+TJA":{"registrationId":1950942390,"currentRatchet":{"ephemeralKeyPair":{"pubKey":"BZRjHS6qsg075MjgMtOrjgvcumbVMmmRo61Hbc7J/9tG","privKey":"EMFNwcqbQcvbz3CsU+uDGQHMJRnVUDGpPJLgvk3HjkI="},"lastRemoteEphemeralKey":"Bd280txiv4bZV/uoB5GKcC6L3Bn8EQ4u8Crw17NbPlk6","previousCounter":0,"rootKey":"RjAaUa/qB/bC7if1U5t0G4dr5CdMryEmmVSrMKlOKOc="},"indexInfo":{"baseKey":"BRQaD2u7uZ8vkSL57ckJR5d9CnukDICcGr0J9i9S+TJA","baseKeyType":2,"closed":-1,"used":1740204668110,"created":1740204668110,"remoteIdentityKey":"BWylmbsHNJq78P5Zh6RSrXsjDCc79XJBnd0ZeHI5ewQa"},"_chains":{"Bd280txiv4bZV/uoB5GKcC6L3Bn8EQ4u8Crw17NbPlk6":{"chainKey":{"counter":1,"key":"np1famHCQ63BrJ9++xdZqt3GV9Xqzfl+zD8GYVIE5uM="},"chainType":2,"messageKeys":{}},"BZRjHS6qsg075MjgMtOrjgvcumbVMmmRo61Hbc7J/9tG":{"chainKey":{"counter":-1,"key":"nbku9Tb6WQ83pZc5kJ3Q6v5NuUC6FnWRsgDhHydhd2o="},"chainType":1,"messageKeys":{}}}}},"version":"v1"}