[
  {
    "id": "PANEL-358117",
    "userId": 7568960443,
    "username": "andinofficial",
    "password": "andinofficial446#",
    "email": "andinofficial@user.king",
    "ramSize": "unli",
    "panelType": "regular",
    "eggType": "nodejs",
    "price": 0,
    "paymentMethod": "owner_free",
    "serverId": 2,
    "serverName": "andinofficial",
    "domain": "https://console.naaofficial.web.id",
    "createdAt": "2025-11-13T08:32:52.716Z",
    "warrantyExpiry": "2025-11-28T08:32:52.716Z"
  }
]