[
  {
    "id": "PANEL-366212",
    "userId": 7568960443,
    "username": "resellergaming",
    "password": "resellergaming603*",
    "email": "resellergaming@admin.king",
    "ramSize": "special",
    "panelType": "admin_panel",
    "eggType": "nodejs",
    "price": 0,
    "paymentMethod": "owner_free",
    "serverId": 3,
    "serverName": "resellergaming",
    "domain": "https://console.naaofficial.web.id",
    "createdAt": "2025-11-13T08:43:34.171Z",
    "warrantyExpiry": "2025-11-28T08:43:34.171Z"
  }
]