{
  "set": {
    "639858687954@s.whatsapp.net": {
      "lang": "id",
      "limit": 0,
      "uang": 0,
      "status": 1741456328040,
      "join": true,
      "public": true,
      "anticall": true,
      "original": true,
      "readsw": false,
      "autobio": true,
      "autoread": true,
      "antispam": true,
      "autotyping": false,
      "multiprefix": false,
      "template": "textMessage"
    },
    "6282358052586@s.whatsapp.net": {
      "lang": "id",
      "limit": 0,
      "uang": 0,
      "status": 0,
      "join": false,
      "public": true,
      "anticall": true,
      "original": true,
      "readsw": false,
      "autobio": false,
      "autoread": true,
      "antispam": false,
      "autotyping": true,
      "multiprefix": false,
      "template": "textMessage"
    },
    "639641566570@s.whatsapp.net": {
      "lang": "id",
      "limit": 0,
      "uang": 0,
      "status": 1741486112899,
      "join": true,
      "public": true,
      "anticall": true,
      "original": true,
      "readsw": false,
      "autobio": false,
      "autoread": true,
      "antispam": true,
      "autotyping": false,
      "multiprefix": false,
      "template": "textMessage"
    },
    "601125754426@s.whatsapp.net": {
      "lang": "id",
      "limit": 0,
      "uang": 0,
      "status": 0,
      "join": true,
      "public": true,
      "anticall": true,
      "original": false,
      "readsw": false,
      "autobio": false,
      "autoread": true,
      "antispam": false,
      "autotyping": true,
      "multiprefix": false,
      "template": "textMessage"
    }
  },
  "users": {
    "639858687954@s.whatsapp.net": {
      "vip": false,
      "afkTime": -1,
      "afkReason": "",
      "limit": 20,
      "uang": 10000,
      "lastclaim": 1741356852594,
      "lastbegal": 1741356852594,
      "lastrampok": 1741356852594
    },
    "62856541270715@s.whatsapp.net": {
      "vip": false,
      "afkTime": -1,
      "afkReason": "",
      "limit": 80,
      "uang": 99964999,
      "lastclaim": 1741356955759,
      "lastbegal": 1741356955759,
      "lastrampok": 1741356955759
    },
    "6282288154626@s.whatsapp.net": {
      "vip": false,
      "afkTime": -1,
      "afkReason": "",
      "limit": 30,
      "uang": 10000,
      "lastclaim": 1741357272000,
      "lastbegal": 1741357272000,
      "lastrampok": 1741357272000
    },
    "62895351916143@s.whatsapp.net": {
      "vip": false,
      "afkTime": -1,
      "afkReason": "",
      "limit": 20,
      "uang": 10000,
      "lastclaim": 1741357317602,
      "lastbegal": 1741357317602,
      "lastrampok": 1741357317602
    },
    "6285692495615@s.whatsapp.net": {
      "vip": false,
      "afkTime": -1,
      "afkReason": "",
      "limit": 20,
      "uang": 10000,
      "lastclaim": 1741357423759,
      "lastbegal": 1741357423759,
      "lastrampok": 1741357423759
    },
    "60167252857@s.whatsapp.net": {
      "vip": false,
      "afkTime": -1,
      "afkReason": "",
      "limit": 1,
      "uang": 10000,
      "lastclaim": 1741357683629,
      "lastbegal": 1741357683629,
      "lastrampok": 1741357683629
    },
    "6289699264108@s.whatsapp.net": {
      "vip": false,
      "afkTime": -1,
      "afkReason": "",
      "limit": 20,
      "uang": 10000,
      "lastclaim": 1741357727215,
      "lastbegal": 1741357727215,
      "lastrampok": 1741357727215
    },
    "6283821363852@s.whatsapp.net": {
      "vip": false,
      "afkTime": -1,
      "afkReason": "",
      "limit": 20,
      "uang": 10000,
      "lastclaim": 1741358018424,
      "lastbegal": 1741358018424,
      "lastrampok": 1741358018424
    },
    "6281944011695@s.whatsapp.net": {
      "vip": false,
      "afkTime": -1,
      "afkReason": "",
      "limit": 20,
      "uang": 10000,
      "lastclaim": 1741358504607,
      "lastbegal": 1741358504607,
      "lastrampok": 1741358504607
    },
    "6285960657735@s.whatsapp.net": {
      "vip": false,
      "afkTime": -1,
      "afkReason": "",
      "limit": 20,
      "uang": 10000,
      "lastclaim": 1741358878438,
      "lastbegal": 1741358878438,
      "lastrampok": 1741358878438
    },
    "62895339121952@s.whatsapp.net": {
      "vip": false,
      "afkTime": -1,
      "afkReason": "",
      "limit": 20,
      "uang": 10000,
      "lastclaim": 1741359073078,
      "lastbegal": 1741359073078,
      "lastrampok": 1741359073078
    },
    "6282391769669@s.whatsapp.net": {
      "vip": false,
      "afkTime": -1,
      "afkReason": "",
      "limit": 20,
      "uang": 10000,
      "lastclaim": 1741359102103,
      "lastbegal": 1741359102103,
      "lastrampok": 1741359102103
    },
    "6285782035167@s.whatsapp.net": {
      "vip": false,
      "afkTime": -1,
      "afkReason": "",
      "limit": 15,
      "uang": 10000,
      "lastclaim": 1741359164107,
      "lastbegal": 1741359164107,
      "lastrampok": 1741359164107
    },
    "6283165003584@s.whatsapp.net": {
      "vip": false,
      "afkTime": -1,
      "afkReason": "",
      "limit": 20,
      "uang": 10000,
      "lastclaim": 1741363785940,
      "lastbegal": 1741363785940,
      "lastrampok": 1741363785940
    },
    "6289517732630@s.whatsapp.net": {
      "vip": false,
      "afkTime": -1,
      "afkReason": "",
      "limit": 19,
      "uang": 10000,
      "lastclaim": 1741365599781,
      "lastbegal": 1741365599781,
      "lastrampok": 1741365599781
    },
    "6283867784361@s.whatsapp.net": {
      "vip": false,
      "afkTime": -1,
      "afkReason": "",
      "limit": 20,
      "uang": 10000,
      "lastclaim": 1741366466003,
      "lastbegal": 1741366466003,
      "lastrampok": 1741366466003
    },
    "6289519724917@s.whatsapp.net": {
      "vip": false,
      "afkTime": -1,
      "afkReason": "",
      "limit": 20,
      "uang": 10000,
      "lastclaim": 1741369553807,
      "lastbegal": 1741369553807,
      "lastrampok": 1741369553807
    },
    "6289621064571@s.whatsapp.net": {
      "vip": false,
      "afkTime": -1,
      "afkReason": "",
      "limit": 20,
      "uang": 10000,
      "lastclaim": 1741375050886,
      "lastbegal": 1741375050886,
      "lastrampok": 1741375050886
    },
    "628561869174@s.whatsapp.net": {
      "vip": false,
      "afkTime": -1,
      "afkReason": "",
      "limit": 20,
      "uang": 10000,
      "lastclaim": 1741376718348,
      "lastbegal": 1741376718348,
      "lastrampok": 1741376718348
    },
    "6288705700992@s.whatsapp.net": {
      "vip": false,
      "afkTime": -1,
      "afkReason": "",
      "limit": 20,
      "uang": 10000,
      "lastclaim": 1741376751068,
      "lastbegal": 1741376751068,
      "lastrampok": 1741376751068
    },
    "6281572275073@s.whatsapp.net": {
      "vip": false,
      "afkTime": -1,
      "afkReason": "",
      "limit": 20,
      "uang": 10000,
      "lastclaim": 1741378612551,
      "lastbegal": 1741378612551,
      "lastrampok": 1741378612551
    },
    "628386043067@s.whatsapp.net": {
      "vip": false,
      "afkTime": 1741498349872,
      "afkReason": "mw main roblox",
      "limit": 18,
      "uang": 10000,
      "lastclaim": 1741379375837,
      "lastbegal": 1741379375837,
      "lastrampok": 1741379375837
    },
    "628568432613@s.whatsapp.net": {
      "vip": false,
      "afkTime": -1,
      "afkReason": "",
      "limit": 13,
      "uang": 10000,
      "lastclaim": 1741379737309,
      "lastbegal": 1741379737309,
      "lastrampok": 1741379737309
    },
    "628386043068@s.whatsapp.net": {
      "vip": false,
      "afkTime": 1741440764420,
      "afkReason": "mw turu",
      "limit": 1019,
      "uang": 1010000,
      "lastclaim": 1741381418023,
      "lastbegal": 1741381418023,
      "lastrampok": 1741381418023
    },
    "6285692659579@s.whatsapp.net": {
      "vip": false,
      "afkTime": -1,
      "afkReason": "",
      "limit": 20,
      "uang": 10000,
      "lastclaim": 1741384189823,
      "lastbegal": 1741384189823,
      "lastrampok": 1741384189823
    },
    "6281399764496@s.whatsapp.net": {
      "vip": false,
      "afkTime": -1,
      "afkReason": "",
      "limit": 20,
      "uang": 10000,
      "lastclaim": 1741384274497,
      "lastbegal": 1741384274497,
      "lastrampok": 1741384274497
    },
    "62895365078795@s.whatsapp.net": {
      "vip": false,
      "afkTime": -1,
      "afkReason": "",
      "limit": 20,
      "uang": 10000,
      "lastclaim": 1741386874506,
      "lastbegal": 1741386874506,
      "lastrampok": 1741386874506
    },
    "6281232891708@s.whatsapp.net": {
      "vip": false,
      "afkTime": -1,
      "afkReason": "",
      "limit": 20,
      "uang": 10000,
      "lastclaim": 1741387625017,
      "lastbegal": 1741387625017,
      "lastrampok": 1741387625017
    },
    "6283176917992@s.whatsapp.net": {
      "vip": false,
      "afkTime": -1,
      "afkReason": "",
      "limit": 20,
      "uang": 10000,
      "lastclaim": 1741390399145,
      "lastbegal": 1741390399145,
      "lastrampok": 1741390399145
    },
    "6283870408904@s.whatsapp.net": {
      "vip": false,
      "afkTime": -1,
      "afkReason": "",
      "limit": 20,
      "uang": 10000,
      "lastclaim": 1741392198846,
      "lastbegal": 1741392198846,
      "lastrampok": 1741392198846
    },
    "62895336139116@s.whatsapp.net": {
      "vip": false,
      "afkTime": -1,
      "afkReason": "",
      "limit": 20,
      "uang": 10000,
      "lastclaim": 1741392841516,
      "lastbegal": 1741392841516,
      "lastrampok": 1741392841516
    },
    "6285962445246@s.whatsapp.net": {
      "vip": false,
      "afkTime": -1,
      "afkReason": "",
      "limit": 20,
      "uang": 10000,
      "lastclaim": 1741393962858,
      "lastbegal": 1741393962858,
      "lastrampok": 1741393962858
    },
    "6282358052586@s.whatsapp.net": {
      "vip": false,
      "afkTime": -1,
      "afkReason": "",
      "limit": 1002,
      "uang": 1010000,
      "lastclaim": 1741399341013,
      "lastbegal": 1741399341013,
      "lastrampok": 1741399341013
    },
    "6281775474157@s.whatsapp.net": {
      "vip": false,
      "afkTime": -1,
      "afkReason": "",
      "limit": 20,
      "uang": 10000,
      "lastclaim": 1741400406290,
      "lastbegal": 1741400406290,
      "lastrampok": 1741400406290
    },
    "6283897527124@s.whatsapp.net": {
      "vip": false,
      "afkTime": -1,
      "afkReason": "",
      "limit": 20,
      "uang": 10000,
      "lastclaim": 1741401201899,
      "lastbegal": 1741401201899,
      "lastrampok": 1741401201899
    },
    "6281573077131@s.whatsapp.net": {
      "vip": false,
      "afkTime": -1,
      "afkReason": "",
      "limit": 20,
      "uang": 10000,
      "lastclaim": 1741401202135,
      "lastbegal": 1741401202135,
      "lastrampok": 1741401202135
    },
    "628970360129@s.whatsapp.net": {
      "vip": false,
      "afkTime": -1,
      "afkReason": "",
      "limit": 20,
      "uang": 10000,
      "lastclaim": 1741401202575,
      "lastbegal": 1741401202575,
      "lastrampok": 1741401202575
    },
    "6285171281740@s.whatsapp.net": {
      "vip": false,
      "afkTime": -1,
      "afkReason": "",
      "limit": 20,
      "uang": 10000,
      "lastclaim": 1741401202670,
      "lastbegal": 1741401202670,
      "lastrampok": 1741401202670
    },
    "6282230008139@s.whatsapp.net": {
      "vip": false,
      "afkTime": -1,
      "afkReason": "",
      "limit": 20,
      "uang": 10000,
      "lastclaim": 1741401202717,
      "lastbegal": 1741401202717,
      "lastrampok": 1741401202717
    },
    "6285738251471@s.whatsapp.net": {
      "vip": false,
      "afkTime": -1,
      "afkReason": "",
      "limit": 20,
      "uang": 10000,
      "lastclaim": 1741401202749,
      "lastbegal": 1741401202749,
      "lastrampok": 1741401202749
    },
    "6285780706534@s.whatsapp.net": {
      "vip": false,
      "afkTime": -1,
      "afkReason": "",
      "limit": 20,
      "uang": 10000,
      "lastclaim": 1741401202805,
      "lastbegal": 1741401202805,
      "lastrampok": 1741401202805
    },
    "6285880162472@s.whatsapp.net": {
      "vip": false,
      "afkTime": -1,
      "afkReason": "",
      "limit": 20,
      "uang": 10000,
      "lastclaim": 1741401202823,
      "lastbegal": 1741401202823,
      "lastrampok": 1741401202823
    },
    "62895417301225@s.whatsapp.net": {
      "vip": false,
      "afkTime": -1,
      "afkReason": "",
      "limit": 20,
      "uang": 10000,
      "lastclaim": 1741401202909,
      "lastbegal": 1741401202909,
      "lastrampok": 1741401202909
    },
    "27720445424@s.whatsapp.net": {
      "vip": false,
      "afkTime": -1,
      "afkReason": "",
      "limit": 20,
      "uang": 10000,
      "lastclaim": 1741401202922,
      "lastbegal": 1741401202922,
      "lastrampok": 1741401202922
    },
    "6288210944992@s.whatsapp.net": {
      "vip": false,
      "afkTime": -1,
      "afkReason": "",
      "limit": 20,
      "uang": 10000,
      "lastclaim": 1741401202955,
      "lastbegal": 1741401202955,
      "lastrampok": 1741401202955
    },
    "628388516671@s.whatsapp.net": {
      "vip": false,
      "afkTime": -1,
      "afkReason": "",
      "limit": 20,
      "uang": 10000,
      "lastclaim": 1741401202973,
      "lastbegal": 1741401202973,
      "lastrampok": 1741401202973
    },
    "6283160715953@s.whatsapp.net": {
      "vip": false,
      "afkTime": -1,
      "afkReason": "",
      "limit": 20,
      "uang": 10000,
      "lastclaim": 1741401203149,
      "lastbegal": 1741401203149,
      "lastrampok": 1741401203149
    },
    "6282178070063@s.whatsapp.net": {
      "vip": false,
      "afkTime": -1,
      "afkReason": "",
      "limit": 20,
      "uang": 10000,
      "lastclaim": 1741401203166,
      "lastbegal": 1741401203166,
      "lastrampok": 1741401203166
    },
    "6287838069038@s.whatsapp.net": {
      "vip": false,
      "afkTime": -1,
      "afkReason": "",
      "limit": 20,
      "uang": 10000,
      "lastclaim": 1741401203220,
      "lastbegal": 1741401203220,
      "lastrampok": 1741401203220
    },
    "6282278573400@s.whatsapp.net": {
      "vip": false,
      "afkTime": -1,
      "afkReason": "",
      "limit": 20,
      "uang": 10000,
      "lastclaim": 1741401203236,
      "lastbegal": 1741401203236,
      "lastrampok": 1741401203236
    },
    "6281390359378@s.whatsapp.net": {
      "vip": false,
      "afkTime": -1,
      "afkReason": "",
      "limit": 20,
      "uang": 10000,
      "lastclaim": 1741401203336,
      "lastbegal": 1741401203336,
      "lastrampok": 1741401203336
    },
    "62895327133905@s.whatsapp.net": {
      "vip": false,
      "afkTime": -1,
      "afkReason": "",
      "limit": 20,
      "uang": 10000,
      "lastclaim": 1741401203364,
      "lastbegal": 1741401203364,
      "lastrampok": 1741401203364
    },
    "6281400687603@s.whatsapp.net": {
      "vip": false,
      "afkTime": -1,
      "afkReason": "",
      "limit": 20,
      "uang": 10000,
      "lastclaim": 1741401203411,
      "lastbegal": 1741401203411,
      "lastrampok": 1741401203411
    },
    "6285692677340@s.whatsapp.net": {
      "vip": false,
      "afkTime": -1,
      "afkReason": "",
      "limit": 9,
      "uang": 1009999,
      "lastclaim": 1741401203608,
      "lastbegal": 1741401203608,
      "lastrampok": 1741401203608
    },
    "6283897668086@s.whatsapp.net": {
      "vip": false,
      "afkTime": -1,
      "afkReason": "",
      "limit": 20,
      "uang": 10000,
      "lastclaim": 1741401203634,
      "lastbegal": 1741401203634,
      "lastrampok": 1741401203634
    },
    "6282216286021@s.whatsapp.net": {
      "vip": false,
      "afkTime": -1,
      "afkReason": "",
      "limit": 20,
      "uang": 10000,
      "lastclaim": 1741401203836,
      "lastbegal": 1741401203836,
      "lastrampok": 1741401203836
    },
    "6283824867494@s.whatsapp.net": {
      "vip": false,
      "afkTime": -1,
      "afkReason": "",
      "limit": 20,
      "uang": 10000,
      "lastclaim": 1741401204129,
      "lastbegal": 1741401204129,
      "lastrampok": 1741401204129
    },
    "628812946658@s.whatsapp.net": {
      "vip": false,
      "afkTime": -1,
      "afkReason": "",
      "limit": 20,
      "uang": 10000,
      "lastclaim": 1741401204145,
      "lastbegal": 1741401204145,
      "lastrampok": 1741401204145
    },
    "6285761044918@s.whatsapp.net": {
      "vip": false,
      "afkTime": -1,
      "afkReason": "",
      "limit": 6,
      "uang": 10000,
      "lastclaim": 1741401204164,
      "lastbegal": 1741401204164,
      "lastrampok": 1741401204164
    },
    "6283115179364@s.whatsapp.net": {
      "vip": false,
      "afkTime": -1,
      "afkReason": "",
      "limit": 20,
      "uang": 10000,
      "lastclaim": 1741401204236,
      "lastbegal": 1741401204236,
      "lastrampok": 1741401204236
    },
    "60196872531@s.whatsapp.net": {
      "vip": false,
      "afkTime": -1,
      "afkReason": "",
      "limit": 20,
      "uang": 10000,
      "lastclaim": 1741401204296,
      "lastbegal": 1741401204296,
      "lastrampok": 1741401204296
    },
    "6283847130039@s.whatsapp.net": {
      "vip": false,
      "afkTime": -1,
      "afkReason": "",
      "limit": 20,
      "uang": 10000,
      "lastclaim": 1741401204470,
      "lastbegal": 1741401204470,
      "lastrampok": 1741401204470
    },
    "201119163661@s.whatsapp.net": {
      "vip": false,
      "afkTime": -1,
      "afkReason": "",
      "limit": 20,
      "uang": 10000,
      "lastclaim": 1741401204632,
      "lastbegal": 1741401204632,
      "lastrampok": 1741401204632
    },
    "6283893457423@s.whatsapp.net": {
      "vip": false,
      "afkTime": -1,
      "afkReason": "",
      "limit": 20,
      "uang": 10000,
      "lastclaim": 1741401204636,
      "lastbegal": 1741401204636,
      "lastrampok": 1741401204636
    },
    "6289518443819@s.whatsapp.net": {
      "vip": false,
      "afkTime": -1,
      "afkReason": "",
      "limit": 20,
      "uang": 10000,
      "lastclaim": 1741401204742,
      "lastbegal": 1741401204742,
      "lastrampok": 1741401204742
    },
    "62895390276040@s.whatsapp.net": {
      "vip": false,
      "afkTime": -1,
      "afkReason": "",
      "limit": 20,
      "uang": 10000,
      "lastclaim": 1741401205080,
      "lastbegal": 1741401205080,
      "lastrampok": 1741401205080
    },
    "6289676582902@s.whatsapp.net": {
      "vip": false,
      "afkTime": -1,
      "afkReason": "",
      "limit": 20,
      "uang": 10000,
      "lastclaim": 1741401205141,
      "lastbegal": 1741401205141,
      "lastrampok": 1741401205141
    },
    "6285293396154@s.whatsapp.net": {
      "vip": false,
      "afkTime": -1,
      "afkReason": "",
      "limit": 20,
      "uang": 10000,
      "lastclaim": 1741401205188,
      "lastbegal": 1741401205188,
      "lastrampok": 1741401205188
    },
    "6281339303002@s.whatsapp.net": {
      "vip": false,
      "afkTime": -1,
      "afkReason": "",
      "limit": 20,
      "uang": 10000,
      "lastclaim": 1741401205208,
      "lastbegal": 1741401205208,
      "lastrampok": 1741401205208
    },
    "6282241197228@s.whatsapp.net": {
      "vip": false,
      "afkTime": -1,
      "afkReason": "",
      "limit": 20,
      "uang": 10000,
      "lastclaim": 1741401205289,
      "lastbegal": 1741401205289,
      "lastrampok": 1741401205289
    },
    "6282123751534@s.whatsapp.net": {
      "vip": false,
      "afkTime": -1,
      "afkReason": "",
      "limit": 20,
      "uang": 10000,
      "lastclaim": 1741401205485,
      "lastbegal": 1741401205485,
      "lastrampok": 1741401205485
    },
    "6281336653505@s.whatsapp.net": {
      "vip": false,
      "afkTime": -1,
      "afkReason": "",
      "limit": 20,
      "uang": 10000,
      "lastclaim": 1741401207253,
      "lastbegal": 1741401207253,
      "lastrampok": 1741401207253
    },
    "6285715209416@s.whatsapp.net": {
      "vip": false,
      "afkTime": -1,
      "afkReason": "",
      "limit": 20,
      "uang": 10000,
      "lastclaim": 1741401207660,
      "lastbegal": 1741401207660,
      "lastrampok": 1741401207660
    },
    "6285831278284@s.whatsapp.net": {
      "vip": false,
      "afkTime": -1,
      "afkReason": "",
      "limit": 20,
      "uang": 10000,
      "lastclaim": 1741401209576,
      "lastbegal": 1741401209576,
      "lastrampok": 1741401209576
    },
    "6282281024233@s.whatsapp.net": {
      "vip": false,
      "afkTime": -1,
      "afkReason": "",
      "limit": 20,
      "uang": 10000,
      "lastclaim": 1741401210058,
      "lastbegal": 1741401210058,
      "lastrampok": 1741401210058
    },
    "6285656860946@s.whatsapp.net": {
      "vip": false,
      "afkTime": -1,
      "afkReason": "",
      "limit": 20,
      "uang": 10000,
      "lastclaim": 1741401231178,
      "lastbegal": 1741401231178,
      "lastrampok": 1741401231178
    },
    "6281952440473@s.whatsapp.net": {
      "vip": false,
      "afkTime": -1,
      "afkReason": "",
      "limit": 20,
      "uang": 10000,
      "lastclaim": 1741401231317,
      "lastbegal": 1741401231317,
      "lastrampok": 1741401231317
    },
    "6285867605107@s.whatsapp.net": {
      "vip": false,
      "afkTime": -1,
      "afkReason": "",
      "limit": 20,
      "uang": 10000,
      "lastclaim": 1741401238294,
      "lastbegal": 1741401238294,
      "lastrampok": 1741401238294
    },
    "6282119027608@s.whatsapp.net": {
      "vip": false,
      "afkTime": -1,
      "afkReason": "",
      "limit": 20,
      "uang": 10000,
      "lastclaim": 1741401282891,
      "lastbegal": 1741401282891,
      "lastrampok": 1741401282891
    },
    "6283812715686@s.whatsapp.net": {
      "vip": false,
      "afkTime": -1,
      "afkReason": "",
      "limit": 19,
      "uang": 10000,
      "lastclaim": 1741402177808,
      "lastbegal": 1741402177808,
      "lastrampok": 1741402177808
    },
    "6287744653394@s.whatsapp.net": {
      "vip": false,
      "afkTime": -1,
      "afkReason": "",
      "limit": 20,
      "uang": 10000,
      "lastclaim": 1741403252372,
      "lastbegal": 1741403252372,
      "lastrampok": 1741403252372
    },
    "6282290308490@s.whatsapp.net": {
      "vip": false,
      "afkTime": -1,
      "afkReason": "",
      "limit": 14,
      "uang": 10000,
      "lastclaim": 1741415912841,
      "lastbegal": 1741415912841,
      "lastrampok": 1741415912841
    },
    "62895343075004@s.whatsapp.net": {
      "vip": false,
      "afkTime": -1,
      "afkReason": "",
      "limit": 20,
      "uang": 10000,
      "lastclaim": 1741422538560,
      "lastbegal": 1741422538560,
      "lastrampok": 1741422538560
    },
    "6283872509379@s.whatsapp.net": {
      "vip": false,
      "afkTime": -1,
      "afkReason": "",
      "limit": 20,
      "uang": 10000,
      "lastclaim": 1741422538596,
      "lastbegal": 1741422538596,
      "lastrampok": 1741422538596
    },
    "6285717416691@s.whatsapp.net": {
      "vip": false,
      "afkTime": -1,
      "afkReason": "",
      "limit": 20,
      "uang": 10000,
      "lastclaim": 1741422539650,
      "lastbegal": 1741422539650,
      "lastrampok": 1741422539650
    },
    "6283837747144@s.whatsapp.net": {
      "vip": false,
      "afkTime": -1,
      "afkReason": "",
      "limit": 20,
      "uang": 10000,
      "lastclaim": 1741422547560,
      "lastbegal": 1741422547560,
      "lastrampok": 1741422547560
    },
    "6283190147377@s.whatsapp.net": {
      "vip": false,
      "afkTime": -1,
      "afkReason": "",
      "limit": 20,
      "uang": 10000,
      "lastclaim": 1741422548377,
      "lastbegal": 1741422548377,
      "lastrampok": 1741422548377
    },
    "6285883676065@s.whatsapp.net": {
      "vip": false,
      "afkTime": -1,
      "afkReason": "",
      "limit": 20,
      "uang": 10000,
      "lastclaim": 1741423694510,
      "lastbegal": 1741423694510,
      "lastrampok": 1741423694510
    },
    "6283848068630@s.whatsapp.net": {
      "vip": false,
      "afkTime": -1,
      "afkReason": "",
      "limit": 20,
      "uang": 10000,
      "lastclaim": 1741424880482,
      "lastbegal": 1741424880482,
      "lastrampok": 1741424880482
    },
    "6288263277697@s.whatsapp.net": {
      "vip": false,
      "afkTime": -1,
      "afkReason": "",
      "limit": 20,
      "uang": 10000,
      "lastclaim": 1741426306438,
      "lastbegal": 1741426306438,
      "lastrampok": 1741426306438
    },
    "6288905605904@s.whatsapp.net": {
      "vip": false,
      "afkTime": -1,
      "afkReason": "",
      "limit": 20,
      "uang": 10000,
      "lastclaim": 1741427845646,
      "lastbegal": 1741427845646,
      "lastrampok": 1741427845646
    },
    "6289517588303@s.whatsapp.net": {
      "vip": false,
      "afkTime": -1,
      "afkReason": "",
      "limit": 20,
      "uang": 10000,
      "lastclaim": 1741427860249,
      "lastbegal": 1741427860249,
      "lastrampok": 1741427860249
    },
    "94773167698@s.whatsapp.net": {
      "vip": false,
      "afkTime": -1,
      "afkReason": "",
      "limit": 20,
      "uang": 10000,
      "lastclaim": 1741427910074,
      "lastbegal": 1741427910074,
      "lastrampok": 1741427910074
    },
    "6285271473992@s.whatsapp.net": {
      "vip": false,
      "afkTime": -1,
      "afkReason": "",
      "limit": 20,
      "uang": 10000,
      "lastclaim": 1741427968113,
      "lastbegal": 1741427968113,
      "lastrampok": 1741427968113
    },
    "6285134341842@s.whatsapp.net": {
      "vip": false,
      "afkTime": -1,
      "afkReason": "",
      "limit": 20,
      "uang": 10000,
      "lastclaim": 1741428171270,
      "lastbegal": 1741428171270,
      "lastrampok": 1741428171270
    },
    "916204292438@s.whatsapp.net": {
      "vip": false,
      "afkTime": -1,
      "afkReason": "",
      "limit": 20,
      "uang": 10000,
      "lastclaim": 1741428470129,
      "lastbegal": 1741428470129,
      "lastrampok": 1741428470129
    },
    "6283896814135@s.whatsapp.net": {
      "vip": false,
      "afkTime": -1,
      "afkReason": "",
      "limit": 20,
      "uang": 10000,
      "lastclaim": 1741428650757,
      "lastbegal": 1741428650757,
      "lastrampok": 1741428650757
    },
    "6283896565052@s.whatsapp.net": {
      "vip": false,
      "afkTime": -1,
      "afkReason": "",
      "limit": 20,
      "uang": 10000,
      "lastclaim": 1741428964695,
      "lastbegal": 1741428964695,
      "lastrampok": 1741428964695
    },
    "601125754426@s.whatsapp.net": {
      "vip": false,
      "afkTime": -1,
      "afkReason": "",
      "limit": 976,
      "uang": 1010000,
      "lastclaim": 1741436767242,
      "lastbegal": 1741436767242,
      "lastrampok": 1741436767242
    },
    "60108904426@s.whatsapp.net": {
      "vip": false,
      "afkTime": -1,
      "afkReason": "",
      "limit": 118,
      "uang": -40000,
      "lastclaim": 1741437707836,
      "lastbegal": 1741437707836,
      "lastrampok": 1741437707836
    },
    "6283831542167@s.whatsapp.net": {
      "vip": false,
      "afkTime": -1,
      "afkReason": "",
      "limit": 20,
      "uang": 10000,
      "lastclaim": 1741438813214,
      "lastbegal": 1741438813214,
      "lastrampok": 1741438813214
    },
    "6285180782066@s.whatsapp.net": {
      "vip": false,
      "afkTime": -1,
      "afkReason": "",
      "limit": 20,
      "uang": 10000,
      "lastclaim": 1741439617619,
      "lastbegal": 1741439617619,
      "lastrampok": 1741439617619
    },
    "6287885987740@s.whatsapp.net": {
      "vip": false,
      "afkTime": -1,
      "afkReason": "",
      "limit": 20,
      "uang": 10000,
      "lastclaim": 1741439672896,
      "lastbegal": 1741439672896,
      "lastrampok": 1741439672896
    },
    "6283897757613@s.whatsapp.net": {
      "vip": false,
      "afkTime": -1,
      "afkReason": "",
      "limit": 20,
      "uang": 10000,
      "lastclaim": 1741439752271,
      "lastbegal": 1741439752271,
      "lastrampok": 1741439752271
    },
    "6282284538612@s.whatsapp.net": {
      "vip": false,
      "afkTime": -1,
      "afkReason": "",
      "limit": 20,
      "uang": 10000,
      "lastclaim": 1741439832077,
      "lastbegal": 1741439832077,
      "lastrampok": 1741439832077
    },
    "628568063405@s.whatsapp.net": {
      "vip": false,
      "afkTime": -1,
      "afkReason": "",
      "limit": 20,
      "uang": 10000,
      "lastclaim": 1741439899405,
      "lastbegal": 1741439899405,
      "lastrampok": 1741439899405
    },
    "6285320484991@s.whatsapp.net": {
      "vip": false,
      "afkTime": -1,
      "afkReason": "",
      "limit": 20,
      "uang": 10000,
      "lastclaim": 1741439912020,
      "lastbegal": 1741439912020,
      "lastrampok": 1741439912020
    },
    "628892147212@s.whatsapp.net": {
      "vip": false,
      "afkTime": -1,
      "afkReason": "",
      "limit": 20,
      "uang": 10000,
      "lastclaim": 1741439925079,
      "lastbegal": 1741439925079,
      "lastrampok": 1741439925079
    },
    "6282253798616@s.whatsapp.net": {
      "vip": false,
      "afkTime": -1,
      "afkReason": "",
      "limit": 20,
      "uang": 10000,
      "lastclaim": 1741439967312,
      "lastbegal": 1741439967312,
      "lastrampok": 1741439967312
    },
    "6283150278020@s.whatsapp.net": {
      "vip": false,
      "afkTime": -1,
      "afkReason": "",
      "limit": 20,
      "uang": 10000,
      "lastclaim": 1741439985391,
      "lastbegal": 1741439985391,
      "lastrampok": 1741439985391
    },
    "6285198467462@s.whatsapp.net": {
      "vip": false,
      "afkTime": -1,
      "afkReason": "",
      "limit": 20,
      "uang": 10000,
      "lastclaim": 1741439993090,
      "lastbegal": 1741439993090,
      "lastrampok": 1741439993090
    },
    "6287717254085@s.whatsapp.net": {
      "vip": false,
      "afkTime": -1,
      "afkReason": "",
      "limit": 20,
      "uang": 10000,
      "lastclaim": 1741440023186,
      "lastbegal": 1741440023186,
      "lastrampok": 1741440023186
    },
    "62882003394315@s.whatsapp.net": {
      "vip": false,
      "afkTime": -1,
      "afkReason": "",
      "limit": 20,
      "uang": 10000,
      "lastclaim": 1741440026950,
      "lastbegal": 1741440026950,
      "lastrampok": 1741440026950
    },
    "6282130593174@s.whatsapp.net": {
      "vip": false,
      "afkTime": -1,
      "afkReason": "",
      "limit": 20,
      "uang": 10000,
      "lastclaim": 1741440166159,
      "lastbegal": 1741440166159,
      "lastrampok": 1741440166159
    },
    "6283874816713@s.whatsapp.net": {
      "vip": false,
      "afkTime": -1,
      "afkReason": "",
      "limit": 20,
      "uang": 10000,
      "lastclaim": 1741440169290,
      "lastbegal": 1741440169290,
      "lastrampok": 1741440169290
    },
    "6282199346493@s.whatsapp.net": {
      "vip": false,
      "afkTime": -1,
      "afkReason": "",
      "limit": 20,
      "uang": 10000,
      "lastclaim": 1741440187922,
      "lastbegal": 1741440187922,
      "lastrampok": 1741440187922
    },
    "628121555025@s.whatsapp.net": {
      "vip": false,
      "afkTime": -1,
      "afkReason": "",
      "limit": 20,
      "uang": 10000,
      "lastclaim": 1741440195931,
      "lastbegal": 1741440195931,
      "lastrampok": 1741440195931
    },
    "6283878469509@s.whatsapp.net": {
      "vip": false,
      "afkTime": -1,
      "afkReason": "",
      "limit": 20,
      "uang": 10000,
      "lastclaim": 1741440207207,
      "lastbegal": 1741440207207,
      "lastrampok": 1741440207207
    },
    "6282199333723@s.whatsapp.net": {
      "vip": false,
      "afkTime": -1,
      "afkReason": "",
      "limit": 20,
      "uang": 10000,
      "lastclaim": 1741440266503,
      "lastbegal": 1741440266503,
      "lastrampok": 1741440266503
    },
    "6283153357383@s.whatsapp.net": {
      "vip": false,
      "afkTime": -1,
      "afkReason": "",
      "limit": 20,
      "uang": 10000,
      "lastclaim": 1741440291106,
      "lastbegal": 1741440291106,
      "lastrampok": 1741440291106
    },
    "62882020760424@s.whatsapp.net": {
      "vip": false,
      "afkTime": -1,
      "afkReason": "",
      "limit": 20,
      "uang": 10000,
      "lastclaim": 1741440512917,
      "lastbegal": 1741440512917,
      "lastrampok": 1741440512917
    },
    "6285150540622@s.whatsapp.net": {
      "vip": false,
      "afkTime": -1,
      "afkReason": "",
      "limit": 20,
      "uang": 10000,
      "lastclaim": 1741440573402,
      "lastbegal": 1741440573402,
      "lastrampok": 1741440573402
    },
    "62881010735831@s.whatsapp.net": {
      "vip": false,
      "afkTime": -1,
      "afkReason": "",
      "limit": 20,
      "uang": 10000,
      "lastclaim": 1741440636100,
      "lastbegal": 1741440636100,
      "lastrampok": 1741440636100
    },
    "6285204974013@s.whatsapp.net": {
      "vip": false,
      "afkTime": -1,
      "afkReason": "",
      "limit": 20,
      "uang": 10000,
      "lastclaim": 1741440704361,
      "lastbegal": 1741440704361,
      "lastrampok": 1741440704361
    },
    "6285601849917@s.whatsapp.net": {
      "vip": false,
      "afkTime": -1,
      "afkReason": "",
      "limit": 20,
      "uang": 10000,
      "lastclaim": 1741440718462,
      "lastbegal": 1741440718462,
      "lastrampok": 1741440718462
    },
    "6285382370571@s.whatsapp.net": {
      "vip": false,
      "afkTime": -1,
      "afkReason": "",
      "limit": 20,
      "uang": 10000,
      "lastclaim": 1741440740404,
      "lastbegal": 1741440740404,
      "lastrampok": 1741440740404
    },
    "120363381370716940@newsletter": {
      "vip": false,
      "afkTime": -1,
      "afkReason": "",
      "limit": 20,
      "uang": 10000,
      "lastclaim": 1741440755748,
      "lastbegal": 1741440755748,
      "lastrampok": 1741440755748
    },
    "6281363241145@s.whatsapp.net": {
      "vip": false,
      "afkTime": -1,
      "afkReason": "",
      "limit": 20,
      "uang": 10000,
      "lastclaim": 1741440761897,
      "lastbegal": 1741440761897,
      "lastrampok": 1741440761897
    },
    "62882019901401@s.whatsapp.net": {
      "vip": false,
      "afkTime": -1,
      "afkReason": "",
      "limit": 20,
      "uang": 10000,
      "lastclaim": 1741440772400,
      "lastbegal": 1741440772400,
      "lastrampok": 1741440772400
    },
    "120363409503410076@newsletter": {
      "vip": false,
      "afkTime": -1,
      "afkReason": "",
      "limit": 20,
      "uang": 10000,
      "lastclaim": 1741440892211,
      "lastbegal": 1741440892211,
      "lastrampok": 1741440892211
    },
    "6282133431712@s.whatsapp.net": {
      "vip": false,
      "afkTime": -1,
      "afkReason": "",
      "limit": 20,
      "uang": 10000,
      "lastclaim": 1741440894865,
      "lastbegal": 1741440894865,
      "lastrampok": 1741440894865
    },
    "6289630636165@s.whatsapp.net": {
      "vip": false,
      "afkTime": -1,
      "afkReason": "",
      "limit": 20,
      "uang": 10000,
      "lastclaim": 1741440963794,
      "lastbegal": 1741440963794,
      "lastrampok": 1741440963794
    },
    "6285922066856@s.whatsapp.net": {
      "vip": false,
      "afkTime": -1,
      "afkReason": "",
      "limit": 20,
      "uang": 10000,
      "lastclaim": 1741440972470,
      "lastbegal": 1741440972470,
      "lastrampok": 1741440972470
    },
    "6285927493286@s.whatsapp.net": {
      "vip": false,
      "afkTime": -1,
      "afkReason": "",
      "limit": 20,
      "uang": 10000,
      "lastclaim": 1741440982942,
      "lastbegal": 1741440982942,
      "lastrampok": 1741440982942
    },
    "6281235165970@s.whatsapp.net": {
      "vip": false,
      "afkTime": -1,
      "afkReason": "",
      "limit": 20,
      "uang": 10000,
      "lastclaim": 1741441073688,
      "lastbegal": 1741441073688,
      "lastrampok": 1741441073688
    },
    "62882020683221@s.whatsapp.net": {
      "vip": false,
      "afkTime": -1,
      "afkReason": "",
      "limit": 20,
      "uang": 10000,
      "lastclaim": 1741441296492,
      "lastbegal": 1741441296492,
      "lastrampok": 1741441296492
    },
    "6287754401659@s.whatsapp.net": {
      "vip": false,
      "afkTime": -1,
      "afkReason": "",
      "limit": 20,
      "uang": 10000,
      "lastclaim": 1741441485354,
      "lastbegal": 1741441485354,
      "lastrampok": 1741441485354
    },
    "6283896452205@s.whatsapp.net": {
      "vip": false,
      "afkTime": -1,
      "afkReason": "",
      "limit": 20,
      "uang": 10000,
      "lastclaim": 1741441649071,
      "lastbegal": 1741441649071,
      "lastrampok": 1741441649071
    },
    "6285230771660@s.whatsapp.net": {
      "vip": false,
      "afkTime": -1,
      "afkReason": "",
      "limit": 20,
      "uang": 10000,
      "lastclaim": 1741441671275,
      "lastbegal": 1741441671275,
      "lastrampok": 1741441671275
    },
    "6281585235725@s.whatsapp.net": {
      "vip": false,
      "afkTime": -1,
      "afkReason": "",
      "limit": 20,
      "uang": 10000,
      "lastclaim": 1741441730993,
      "lastbegal": 1741441730993,
      "lastrampok": 1741441730993
    },
    "62895338176179@s.whatsapp.net": {
      "vip": false,
      "afkTime": -1,
      "afkReason": "",
      "limit": 20,
      "uang": 10000,
      "lastclaim": 1741441748770,
      "lastbegal": 1741441748770,
      "lastrampok": 1741441748770
    },
    "6282143542977@s.whatsapp.net": {
      "vip": false,
      "afkTime": -1,
      "afkReason": "",
      "limit": 20,
      "uang": 10000,
      "lastclaim": 1741441775676,
      "lastbegal": 1741441775676,
      "lastrampok": 1741441775676
    },
    "6282119083622@s.whatsapp.net": {
      "vip": false,
      "afkTime": -1,
      "afkReason": "",
      "limit": 20,
      "uang": 10000,
      "lastclaim": 1741441777100,
      "lastbegal": 1741441777100,
      "lastrampok": 1741441777100
    },
    "628568471058@s.whatsapp.net": {
      "vip": false,
      "afkTime": -1,
      "afkReason": "",
      "limit": 20,
      "uang": 10000,
      "lastclaim": 1741441808099,
      "lastbegal": 1741441808099,
      "lastrampok": 1741441808099
    },
    "62895622722041@s.whatsapp.net": {
      "vip": false,
      "afkTime": -1,
      "afkReason": "",
      "limit": 20,
      "uang": 10000,
      "lastclaim": 1741441995196,
      "lastbegal": 1741441995196,
      "lastrampok": 1741441995196
    },
    "62895415145913@s.whatsapp.net": {
      "vip": false,
      "afkTime": -1,
      "afkReason": "",
      "limit": 20,
      "uang": 10000,
      "lastclaim": 1741442009923,
      "lastbegal": 1741442009923,
      "lastrampok": 1741442009923
    },
    "120363352140163310@newsletter": {
      "vip": false,
      "afkTime": -1,
      "afkReason": "",
      "limit": 20,
      "uang": 10000,
      "lastclaim": 1741442083608,
      "lastbegal": 1741442083608,
      "lastrampok": 1741442083608
    },
    "6283140795434@s.whatsapp.net": {
      "vip": false,
      "afkTime": -1,
      "afkReason": "",
      "limit": 20,
      "uang": 10000,
      "lastclaim": 1741442133490,
      "lastbegal": 1741442133490,
      "lastrampok": 1741442133490
    },
    "6285606338415@s.whatsapp.net": {
      "vip": false,
      "afkTime": -1,
      "afkReason": "",
      "limit": 20,
      "uang": 10000,
      "lastclaim": 1741442150009,
      "lastbegal": 1741442150009,
      "lastrampok": 1741442150009
    },
    "120363385261432051@newsletter": {
      "vip": false,
      "afkTime": -1,
      "afkReason": "",
      "limit": 20,
      "uang": 10000,
      "lastclaim": 1741442155924,
      "lastbegal": 1741442155924,
      "lastrampok": 1741442155924
    },
    "62882010041445@s.whatsapp.net": {
      "vip": false,
      "afkTime": -1,
      "afkReason": "",
      "limit": 20,
      "uang": 10000,
      "lastclaim": 1741442173324,
      "lastbegal": 1741442173324,
      "lastrampok": 1741442173324
    },
    "6287885057094@s.whatsapp.net": {
      "vip": false,
      "afkTime": -1,
      "afkReason": "",
      "limit": 20,
      "uang": 10000,
      "lastclaim": 1741442195132,
      "lastbegal": 1741442195132,
      "lastrampok": 1741442195132
    },
    "62882019713922@s.whatsapp.net": {
      "vip": false,
      "afkTime": -1,
      "afkReason": "",
      "limit": 20,
      "uang": 10000,
      "lastclaim": 1741442249806,
      "lastbegal": 1741442249806,
      "lastrampok": 1741442249806
    },
    "628561945173@s.whatsapp.net": {
      "vip": false,
      "afkTime": -1,
      "afkReason": "",
      "limit": 20,
      "uang": 10000,
      "lastclaim": 1741442266061,
      "lastbegal": 1741442266061,
      "lastrampok": 1741442266061
    },
    "6281350213759@s.whatsapp.net": {
      "vip": false,
      "afkTime": -1,
      "afkReason": "",
      "limit": 20,
      "uang": 10000,
      "lastclaim": 1741442326155,
      "lastbegal": 1741442326155,
      "lastrampok": 1741442326155
    },
    "6281243160783@s.whatsapp.net": {
      "vip": false,
      "afkTime": -1,
      "afkReason": "",
      "limit": 20,
      "uang": 10000,
      "lastclaim": 1741442364993,
      "lastbegal": 1741442364993,
      "lastrampok": 1741442364993
    },
    "6281223035478@s.whatsapp.net": {
      "vip": false,
      "afkTime": -1,
      "afkReason": "",
      "limit": 20,
      "uang": 10000,
      "lastclaim": 1741442428037,
      "lastbegal": 1741442428037,
      "lastrampok": 1741442428037
    },
    "6283891654819@s.whatsapp.net": {
      "vip": false,
      "afkTime": -1,
      "afkReason": "",
      "limit": 20,
      "uang": 10000,
      "lastclaim": 1741442428820,
      "lastbegal": 1741442428820,
      "lastrampok": 1741442428820
    },
    "120363384457290519@newsletter": {
      "vip": false,
      "afkTime": -1,
      "afkReason": "",
      "limit": 20,
      "uang": 10000,
      "lastclaim": 1741442577724,
      "lastbegal": 1741442577724,
      "lastrampok": 1741442577724
    },
    "6281341881125@s.whatsapp.net": {
      "vip": false,
      "afkTime": -1,
      "afkReason": "",
      "limit": 20,
      "uang": 10000,
      "lastclaim": 1741442603471,
      "lastbegal": 1741442603471,
      "lastrampok": 1741442603471
    },
    "6287822650950@s.whatsapp.net": {
      "vip": false,
      "afkTime": -1,
      "afkReason": "",
      "limit": 20,
      "uang": 10000,
      "lastclaim": 1741442640618,
      "lastbegal": 1741442640618,
      "lastrampok": 1741442640618
    },
    "6288215118542@s.whatsapp.net": {
      "vip": false,
      "afkTime": -1,
      "afkReason": "",
      "limit": 20,
      "uang": 10000,
      "lastclaim": 1741442781439,
      "lastbegal": 1741442781439,
      "lastrampok": 1741442781439
    },
    "6289517477834@s.whatsapp.net": {
      "vip": false,
      "afkTime": -1,
      "afkReason": "",
      "limit": 20,
      "uang": 10000,
      "lastclaim": 1741442845085,
      "lastbegal": 1741442845085,
      "lastrampok": 1741442845085
    },
    "120363260879338253@newsletter": {
      "vip": false,
      "afkTime": -1,
      "afkReason": "",
      "limit": 20,
      "uang": 10000,
      "lastclaim": 1741442849961,
      "lastbegal": 1741442849961,
      "lastrampok": 1741442849961
    },
    "628567845203@s.whatsapp.net": {
      "vip": false,
      "afkTime": -1,
      "afkReason": "",
      "limit": 20,
      "uang": 10000,
      "lastclaim": 1741442858679,
      "lastbegal": 1741442858679,
      "lastrampok": 1741442858679
    },
    "6285722188417@s.whatsapp.net": {
      "vip": false,
      "afkTime": -1,
      "afkReason": "",
      "limit": 20,
      "uang": 10000,
      "lastclaim": 1741442905217,
      "lastbegal": 1741442905217,
      "lastrampok": 1741442905217
    },
    "6281378797368@s.whatsapp.net": {
      "vip": false,
      "afkTime": -1,
      "afkReason": "",
      "limit": 20,
      "uang": 10000,
      "lastclaim": 1741442960047,
      "lastbegal": 1741442960047,
      "lastrampok": 1741442960047
    },
    "62895405005262@s.whatsapp.net": {
      "vip": false,
      "afkTime": -1,
      "afkReason": "",
      "limit": 20,
      "uang": 10000,
      "lastclaim": 1741442985270,
      "lastbegal": 1741442985270,
      "lastrampok": 1741442985270
    },
    "6287782159077@s.whatsapp.net": {
      "vip": false,
      "afkTime": -1,
      "afkReason": "",
      "limit": 20,
      "uang": 10000,
      "lastclaim": 1741443048911,
      "lastbegal": 1741443048911,
      "lastrampok": 1741443048911
    },
    "6285602941686@s.whatsapp.net": {
      "vip": false,
      "afkTime": -1,
      "afkReason": "",
      "limit": 20,
      "uang": 10000,
      "lastclaim": 1741443216876,
      "lastbegal": 1741443216876,
      "lastrampok": 1741443216876
    },
    "6283114109066@s.whatsapp.net": {
      "vip": false,
      "afkTime": -1,
      "afkReason": "",
      "limit": 20,
      "uang": 10000,
      "lastclaim": 1741443262373,
      "lastbegal": 1741443262373,
      "lastrampok": 1741443262373
    },
    "62895321971932@s.whatsapp.net": {
      "vip": false,
      "afkTime": -1,
      "afkReason": "",
      "limit": 20,
      "uang": 10000,
      "lastclaim": 1741443275300,
      "lastbegal": 1741443275300,
      "lastrampok": 1741443275300
    },
    "6282134827908@s.whatsapp.net": {
      "vip": false,
      "afkTime": -1,
      "afkReason": "",
      "limit": 20,
      "uang": 10000,
      "lastclaim": 1741443344543,
      "lastbegal": 1741443344543,
      "lastrampok": 1741443344543
    },
    "6281543218859@s.whatsapp.net": {
      "vip": false,
      "afkTime": -1,
      "afkReason": "",
      "limit": 20,
      "uang": 10000,
      "lastclaim": 1741443345435,
      "lastbegal": 1741443345435,
      "lastrampok": 1741443345435
    },
    "6285362249948@s.whatsapp.net": {
      "vip": false,
      "afkTime": -1,
      "afkReason": "",
      "limit": 20,
      "uang": 10000,
      "lastclaim": 1741443396445,
      "lastbegal": 1741443396445,
      "lastrampok": 1741443396445
    },
    "6283899651325@s.whatsapp.net": {
      "vip": false,
      "afkTime": -1,
      "afkReason": "",
      "limit": 20,
      "uang": 10000,
      "lastclaim": 1741443425914,
      "lastbegal": 1741443425914,
      "lastrampok": 1741443425914
    },
    "6285742986031@s.whatsapp.net": {
      "vip": false,
      "afkTime": -1,
      "afkReason": "",
      "limit": 20,
      "uang": 10000,
      "lastclaim": 1741443453844,
      "lastbegal": 1741443453844,
      "lastrampok": 1741443453844
    },
    "6288807068667@s.whatsapp.net": {
      "vip": false,
      "afkTime": -1,
      "afkReason": "",
      "limit": 20,
      "uang": 10000,
      "lastclaim": 1741444010003,
      "lastbegal": 1741444010003,
      "lastrampok": 1741444010003
    },
    "120363332122686644@newsletter": {
      "vip": false,
      "afkTime": -1,
      "afkReason": "",
      "limit": 20,
      "uang": 10000,
      "lastclaim": 1741444011868,
      "lastbegal": 1741444011868,
      "lastrampok": 1741444011868
    },
    "6281460379714@s.whatsapp.net": {
      "vip": false,
      "afkTime": -1,
      "afkReason": "",
      "limit": 20,
      "uang": 10000,
      "lastclaim": 1741446758592,
      "lastbegal": 1741446758592,
      "lastrampok": 1741446758592
    },
    "6288293337560@s.whatsapp.net": {
      "vip": false,
      "afkTime": -1,
      "afkReason": "",
      "limit": 20,
      "uang": 10000,
      "lastclaim": 1741449233681,
      "lastbegal": 1741449233681,
      "lastrampok": 1741449233681
    },
    "6289524296763@s.whatsapp.net": {
      "vip": false,
      "afkTime": -1,
      "afkReason": "",
      "limit": 20,
      "uang": 10000,
      "lastclaim": 1741455817521,
      "lastbegal": 1741455817521,
      "lastrampok": 1741455817521
    },
    "639641566570@s.whatsapp.net": {
      "vip": false,
      "afkTime": -1,
      "afkReason": "",
      "limit": 20,
      "uang": 10000,
      "lastclaim": 1741456965625,
      "lastbegal": 1741456965625,
      "lastrampok": 1741456965625
    },
    "6283128392938@s.whatsapp.net": {
      "vip": false,
      "afkTime": -1,
      "afkReason": "",
      "limit": 20,
      "uang": 10000,
      "lastclaim": 1741457743323,
      "lastbegal": 1741457743323,
      "lastrampok": 1741457743323
    },
    "6281299580006@s.whatsapp.net": {
      "vip": false,
      "afkTime": -1,
      "afkReason": "",
      "limit": 20,
      "uang": 10000,
      "lastclaim": 1741463943898,
      "lastbegal": 1741463943898,
      "lastrampok": 1741463943898
    },
    "6281568470972@s.whatsapp.net": {
      "vip": false,
      "afkTime": -1,
      "afkReason": "",
      "limit": 20,
      "uang": 10000,
      "lastclaim": 1741470510631,
      "lastbegal": 1741470510631,
      "lastrampok": 1741470510631
    },
    "6281214137570@s.whatsapp.net": {
      "vip": false,
      "afkTime": -1,
      "afkReason": "",
      "limit": 20,
      "uang": 10000,
      "lastclaim": 1741479523140,
      "lastbegal": 1741479523140,
      "lastrampok": 1741479523140
    },
    "6285315719270@s.whatsapp.net": {
      "vip": false,
      "afkTime": -1,
      "afkReason": "",
      "limit": 20,
      "uang": 10000,
      "lastclaim": 1741487979547,
      "lastbegal": 1741487979547,
      "lastrampok": 1741487979547
    },
    "6289512467913@s.whatsapp.net": {
      "vip": false,
      "afkTime": -1,
      "afkReason": "",
      "limit": 16,
      "uang": 10000,
      "lastclaim": 1741488312890,
      "lastbegal": 1741488312890,
      "lastrampok": 1741488312890
    },
    "60142365126@s.whatsapp.net": {
      "vip": false,
      "afkTime": -1,
      "afkReason": "",
      "limit": 20,
      "uang": 10000,
      "lastclaim": 1741488967542,
      "lastbegal": 1741488967542,
      "lastrampok": 1741488967542
    },
    "120363368960430958@newsletter": {
      "vip": false,
      "afkTime": -1,
      "afkReason": "",
      "limit": 20,
      "uang": 10000,
      "lastclaim": 1741489022545,
      "lastbegal": 1741489022545,
      "lastrampok": 1741489022545
    },
    "6285138225653@s.whatsapp.net": {
      "vip": false,
      "afkTime": -1,
      "afkReason": "",
      "limit": 20,
      "uang": 10000,
      "lastclaim": 1741489027463,
      "lastbegal": 1741489027463,
      "lastrampok": 1741489027463
    },
    "6281807899899@s.whatsapp.net": {
      "vip": false,
      "afkTime": -1,
      "afkReason": "",
      "limit": 20,
      "uang": 10000,
      "lastclaim": 1741490050809,
      "lastbegal": 1741490050809,
      "lastrampok": 1741490050809
    },
    "6283852563834@s.whatsapp.net": {
      "vip": false,
      "afkTime": -1,
      "afkReason": "",
      "limit": 20,
      "uang": 10000,
      "lastclaim": 1741490223863,
      "lastbegal": 1741490223863,
      "lastrampok": 1741490223863
    },
    "120363374754867658@newsletter": {
      "vip": false,
      "afkTime": -1,
      "afkReason": "",
      "limit": 20,
      "uang": 10000,
      "lastclaim": 1741490920614,
      "lastbegal": 1741490920614,
      "lastrampok": 1741490920614
    },
    "6285604348987@s.whatsapp.net": {
      "vip": false,
      "afkTime": -1,
      "afkReason": "",
      "limit": 20,
      "uang": 10000,
      "lastclaim": 1741490974956,
      "lastbegal": 1741490974956,
      "lastrampok": 1741490974956
    },
    "6285881883516@s.whatsapp.net": {
      "vip": false,
      "afkTime": -1,
      "afkReason": "",
      "limit": 20,
      "uang": 10000,
      "lastclaim": 1741491189439,
      "lastbegal": 1741491189439,
      "lastrampok": 1741491189439
    },
    "6283142392717@s.whatsapp.net": {
      "vip": false,
      "afkTime": -1,
      "afkReason": "",
      "limit": 20,
      "uang": 10000,
      "lastclaim": 1741493609623,
      "lastbegal": 1741493609623,
      "lastrampok": 1741493609623
    },
    "6283893461896@s.whatsapp.net": {
      "vip": false,
      "afkTime": -1,
      "afkReason": "",
      "limit": 20,
      "uang": 10000,
      "lastclaim": 1741494008636,
      "lastbegal": 1741494008636,
      "lastrampok": 1741494008636
    },
    "6281349531220@s.whatsapp.net": {
      "vip": false,
      "afkTime": -1,
      "afkReason": "",
      "limit": 20,
      "uang": 10000,
      "lastclaim": 1741494010806,
      "lastbegal": 1741494010806,
      "lastrampok": 1741494010806
    },
    "6283110027127@s.whatsapp.net": {
      "vip": false,
      "afkTime": -1,
      "afkReason": "",
      "limit": 20,
      "uang": 10000,
      "lastclaim": 1741494055220,
      "lastbegal": 1741494055220,
      "lastrampok": 1741494055220
    },
    "6285369092014@s.whatsapp.net": {
      "vip": false,
      "afkTime": -1,
      "afkReason": "",
      "limit": 20,
      "uang": 10000,
      "lastclaim": 1741494068778,
      "lastbegal": 1741494068778,
      "lastrampok": 1741494068778
    },
    "6285702402680@s.whatsapp.net": {
      "vip": false,
      "afkTime": -1,
      "afkReason": "",
      "limit": 20,
      "uang": 10000,
      "lastclaim": 1741494365624,
      "lastbegal": 1741494365624,
      "lastrampok": 1741494365624
    },
    "6285871585518@s.whatsapp.net": {
      "vip": false,
      "afkTime": -1,
      "afkReason": "",
      "limit": 20,
      "uang": 10000,
      "lastclaim": 1741494373573,
      "lastbegal": 1741494373573,
      "lastrampok": 1741494373573
    },
    "601137176924@s.whatsapp.net": {
      "vip": false,
      "afkTime": -1,
      "afkReason": "",
      "limit": 20,
      "uang": 10000,
      "lastclaim": 1741494439673,
      "lastbegal": 1741494439673,
      "lastrampok": 1741494439673
    },
    "120363410696083004@g.us": {
      "vip": false,
      "afkTime": -1,
      "afkReason": "",
      "limit": 20,
      "uang": 10000,
      "lastclaim": 1741494442311,
      "lastbegal": 1741494442311,
      "lastrampok": 1741494442311
    },
    "6285604274384@s.whatsapp.net": {
      "vip": false,
      "afkTime": -1,
      "afkReason": "",
      "limit": 20,
      "uang": 10000,
      "lastclaim": 1741494508977,
      "lastbegal": 1741494508977,
      "lastrampok": 1741494508977
    },
    "6285752203978@s.whatsapp.net": {
      "vip": false,
      "afkTime": -1,
      "afkReason": "",
      "limit": 20,
      "uang": 10000,
      "lastclaim": 1741494753107,
      "lastbegal": 1741494753107,
      "lastrampok": 1741494753107
    },
    "6281360469487@s.whatsapp.net": {
      "vip": false,
      "afkTime": -1,
      "afkReason": "",
      "limit": 20,
      "uang": 10000,
      "lastclaim": 1741496003421,
      "lastbegal": 1741496003421,
      "lastrampok": 1741496003421
    },
    "6285184337231@s.whatsapp.net": {
      "vip": false,
      "afkTime": -1,
      "afkReason": "",
      "limit": 20,
      "uang": 10000,
      "lastclaim": 1741496012910,
      "lastbegal": 1741496012910,
      "lastrampok": 1741496012910
    },
    "60142001269@s.whatsapp.net": {
      "vip": false,
      "afkTime": -1,
      "afkReason": "",
      "limit": 20,
      "uang": 10000,
      "lastclaim": 1741496054896,
      "lastbegal": 1741496054896,
      "lastrampok": 1741496054896
    },
    "120363391191988415@newsletter": {
      "vip": false,
      "afkTime": -1,
      "afkReason": "",
      "limit": 20,
      "uang": 10000,
      "lastclaim": 1741496174708,
      "lastbegal": 1741496174708,
      "lastrampok": 1741496174708
    },
    "6289630172481@s.whatsapp.net": {
      "vip": false,
      "afkTime": -1,
      "afkReason": "",
      "limit": 17,
      "uang": 10000,
      "lastclaim": 1741496857865,
      "lastbegal": 1741496857865,
      "lastrampok": 1741496857865
    },
    "6287811768883@s.whatsapp.net": {
      "vip": false,
      "afkTime": -1,
      "afkReason": "",
      "limit": 20,
      "uang": 10000,
      "lastclaim": 1741498308562,
      "lastbegal": 1741498308562,
      "lastrampok": 1741498308562
    },
    "62882005880583@s.whatsapp.net": {
      "vip": false,
      "afkTime": -1,
      "afkReason": "",
      "limit": 20,
      "uang": 10000,
      "lastclaim": 1741498523944,
      "lastbegal": 1741498523944,
      "lastrampok": 1741498523944
    },
    "6282198480012@s.whatsapp.net": {
      "vip": false,
      "afkTime": -1,
      "afkReason": "",
      "limit": 20,
      "uang": 10000,
      "lastclaim": 1741499369729,
      "lastbegal": 1741499369729,
      "lastrampok": 1741499369729
    },
    "6281779910245@s.whatsapp.net": {
      "vip": false,
      "afkTime": -1,
      "afkReason": "",
      "limit": 20,
      "uang": 10000,
      "lastclaim": 1741499372134,
      "lastbegal": 1741499372134,
      "lastrampok": 1741499372134
    },
    "6285165647887@s.whatsapp.net": {
      "vip": false,
      "afkTime": -1,
      "afkReason": "",
      "limit": 20,
      "uang": 10000,
      "lastclaim": 1741500897193,
      "lastbegal": 1741500897193,
      "lastrampok": 1741500897193
    },
    "6283857664649@s.whatsapp.net": {
      "vip": false,
      "afkTime": -1,
      "afkReason": "",
      "limit": 20,
      "uang": 10000,
      "lastclaim": 1741501150658,
      "lastbegal": 1741501150658,
      "lastrampok": 1741501150658
    },
    "62895365439776@s.whatsapp.net": {
      "vip": false,
      "afkTime": -1,
      "afkReason": "",
      "limit": 20,
      "uang": 10000,
      "lastclaim": 1741501364687,
      "lastbegal": 1741501364687,
      "lastrampok": 1741501364687
    }
  },
  "game": {
    "suit": [],
    "menfes": [],
    "tekateki": [],
    "akinator": [],
    "tictactoe": [],
    "tebaklirik": [],
    "kuismath": [],
    "tebaklagu": [],
    "tebakkata": [],
    "family100": [],
    "susunkata": [],
    "tebakbom": [],
    "tebakkimia": [],
    "caklontong": [],
    "tebakangka": [],
    "tebaknegara": [],
    "tebakgambar": [],
    "tebakbendera": []
  },
  "groups": {
    "120363345476274635@g.us": {
      "nsfw": false,
      "mute": false,
      "setinfo": true,
      "antilink": true,
      "antitoxic": false,
      "welcome": true,
      "antivirtex": false,
      "antidelete": false,
      "waktusholat": true
    },
    "120363410696083004@g.us": {
      "nsfw": false,
      "mute": false,
      "setinfo": true,
      "antilink": true,
      "antitoxic": false,
      "welcome": true,
      "antivirtex": false,
      "antidelete": false,
      "waktusholat": false
    }
  },
  "database": {}
}