{"version":9,"hash":{"type":"Buffer","data":"uqudkkaWErKA2j3EL3QDWaZhxwifjZQXzhpdbMq8g2evickj46me+vGjurn6ApSDNq3YmO0DHt9I41w45JpZIR/eQQUW3IDCZ5kVippEfSMJrY5uzEw22oGxyWjaUHn5Y6+estLpYE8Enci4Cz4iXYjRgWfy53DiAk/1POqsdiw="},"indexValueMap":{"AKbHt6pX8SrtqAKFs0ZBv3zCbxQP6eX+3EfyjXzucjQ=":{"valueMac":{"type":"Buffer","data":"ZvA7YNE2F/Z9gL9mHYtVCKgeFc/9SuvXSsgA+v19tv8="}},"AUfrkZT7VXRbixMBfigKWquxeqk9y7YcgfuagwsUSA4=":{"valueMac":{"type":"Buffer","data":"q8fNM8pO4bI3Re7zUVROAfVSczxbiWD3yJYYy+IRhtw="}},"AVKoSNSWQzOAcN9dY9hJbF181GX3MlpljS6jP17HOsI=":{"valueMac":{"type":"Buffer","data":"aYUxjYUjWcD8m+386SeSYEGNwc6kXi9Cgw8LU8p+xD0="}},"CoFm0DncAWu7iX6hLVZq0c3l3yzXMHjPTHZsHNI+2Mc=":{"valueMac":{"type":"Buffer","data":"Xby+234CTPPqsAezl6itKovJSZpN8q4UKai8ROKOBuw="}},"CzI3mv5KaCgmEzjpXDhoJrP9j6UOpFlBwCbqiaoiwUM=":{"valueMac":{"type":"Buffer","data":"P246w2tsQ9s4xyFuZQ3gcGd8iGYgklLKdCo4OcWATvE="}},"Dw5jZKS4ojj6lNB1XaCCKQVaSNicpjWqTRvfmzWfE80=":{"valueMac":{"type":"Buffer","data":"rVAXCRwc4uZ4buZfsL6K/YrqhqIHNj/nFk5hlOq02KQ="}},"EeDQznTaLwDu8MhmawjmhOXbOnqHWB4f0BdyDUpmrlY=":{"valueMac":{"type":"Buffer","data":"4wZFwFhxwHmrAv47iNbcV1Dob/nJC/hpQ0QVkmeq/ww="}},"Ege6aKlSSvefuI3GsRBrkLGuRIR2jdcY7VSIqKbfKZM=":{"valueMac":{"type":"Buffer","data":"XsMBbGzSIqN3O4z7IeyaLgvOeRKiBqh3CWPH0c52w4o="}},"E/nwPgP4wtvIViMMucidYa9rr1SW9szg3IL4W0M8fpc=":{"valueMac":{"type":"Buffer","data":"Q8zApCI+a0MU9/9CbQeu4SnjaZFq4rpuSRDBh1fHNwA="}},"FTu4ESbQGfxU9oTmRozx1a/oAmjfANyqp4R956oxDk0=":{"valueMac":{"type":"Buffer","data":"Fdghr5peD7WW4yIgdtYIbdj9ALKyr/YTq20zTMvMemI="}},"FgwC/mUXnSVaBejStFCOrZ3RgPAQiscVPg9LJzs05NU=":{"valueMac":{"type":"Buffer","data":"ceaI8CnWQiR0CFjpomxqBhDotsFKneKgdGPVSXtBd8U="}},"GvVoiiKryXjloyB3uTOTmgAAm28TNp+7Nz6n0Qhq+NQ=":{"valueMac":{"type":"Buffer","data":"hDqMdh9zurqqgXO01tjSi/wgff8AUrMouuHC2zTUUR8="}},"G6x+zLcdXgNc1BLpTMc1z2TYnAHc8X1G5fL92lmB9VU=":{"valueMac":{"type":"Buffer","data":"5aZz1vGMoVXYlt8BO8Y1lfJP6OxZiYPTwGU9eJKnzMc="}},"G8hyVEPYjhW58INO7e3UpnGXHOwyBCmdvyx+/i3qJgk=":{"valueMac":{"type":"Buffer","data":"wastByRcdfZy6o4h8C+kPvMI9JWRBRtBVlLZIA+R98I="}},"IQw0ZpHcDm7DS2ca8d4GY5aXRMPRkN1RFsbK/CDSu74=":{"valueMac":{"type":"Buffer","data":"e7sBx2uKZ4K6iWWcjVbs1A5m+TRE67k0qRAHNwWd0X0="}},"IWqh/HgulThQ6x4uBvIHGcnTBytqL/1m0gXwIKUeKrs=":{"valueMac":{"type":"Buffer","data":"z+wQ01HO8xYRgWmFBe0jx3PDvXocVxTITIzmjboc8hY="}},"IXiEMKR2EqhY4Q9jdPvxeC+YZgqT9yZqgqe6H50M2h4=":{"valueMac":{"type":"Buffer","data":"bwrpsV2p5gOChAWAtLWR1qN/62PDMLBWyRmmWZLdJD0="}},"JBsdOBoL6/bDynP1UsSrTtff7uqu8pQR3VLdoZ6+YeU=":{"valueMac":{"type":"Buffer","data":"dW0QBIDGua0vAx62fl8wG5qKCI+H/Uyenwx5X6tuVqw="}},"JNUaUNynljmr4qiuOnPRsO1EoBByuk42A3pzwPaozTo=":{"valueMac":{"type":"Buffer","data":"0Yk0Z64JC9vwZ4ep0nB3pnLfe5MNUe+ybBtmFlv5RuI="}},"J2TtztCVxOwg5hedLT9A2/06Dum49htG6ABV6rqn5cg=":{"valueMac":{"type":"Buffer","data":"hpsUo0jq8ctZB42BppyHZ4JZXOv0nmOPDhbob/c8d6c="}},"J2YLOF6qiXPEJpGDHeFYlTiTCAyKGxIBsq1Exp71pvA=":{"valueMac":{"type":"Buffer","data":"SgYpokLt6wXPu6WT2yXevw6lLQNrumH8Piqf3zvOJ9E="}},"J87yxE3/AWRQ79X/nQBVB163GhFmlN0594QBBbNY1is=":{"valueMac":{"type":"Buffer","data":"QetlaRakJmA8TIfEKflnOZBiSdeN4eVOz4Tlz9o16QQ="}},"MDMJwx39lKLfXVyeIEuWKz7AMAgYlgmWDXvfEUfEZ24=":{"valueMac":{"type":"Buffer","data":"QJ3uq538+rG/ko1ZEcooJc1oJ8LHVKfLAeT239RCMDg="}},"M8q1laoTjlba8ilmKToeWuNQxPO7fDGAanH6O97xTvg=":{"valueMac":{"type":"Buffer","data":"gXI0m0m/cg61acYQavvh/Y/NGdF0z0CYsVkFsnLP/2Q="}},"NDLMHDsaZkAgQv+ERoV3sM/013AUKMsU2n0B+aHwgWw=":{"valueMac":{"type":"Buffer","data":"Ahc/YT4WdvFK3S1GOc+dMqjeb94ASse2cPCwQSe2gW0="}},"Nhv6IqKCzOo7q29b/iWV8kuvQ6aXbpZognzLd+vVP1Q=":{"valueMac":{"type":"Buffer","data":"SfT1itxWtkdjIwx4pAzHBHDO6agCeRj89vdw1g0w6X8="}},"NtF3frZzcgVVR2OtUpmrYwDmWFmVw93hE8DcwLgM4VU=":{"valueMac":{"type":"Buffer","data":"zsvHHIExe18tc/NlNdA58tDrwrwUbWgb/R3FZ3qrRiM="}},"OVv0+1ImBtWwx6N78BiCT1+HLgq04CqjsSaN/8YkDVo=":{"valueMac":{"type":"Buffer","data":"nejzyOcl8B7AYx8FZj/uT+8zDBGdllnP3gVWsy444qg="}},"PC++H7WqxP0nhhBjJB8GSPs9oOyxQZ1C5mwZ8R3AiBI=":{"valueMac":{"type":"Buffer","data":"97mYCtqJjEWopoUn//CbmNKqiEbax1IyPkLyEyDcJ+k="}},"POzoTKdkYC+uKLBzR5/nbS/chY+rCAUM/lKyLR/LGUk=":{"valueMac":{"type":"Buffer","data":"3Vj3L2ol4jv6rjL+qLghm6x5c6Wdc0NQhP4YYcgITqY="}},"PUB1DKfGAnY87UVyMOkPukJKrD4iKIO8qrKWbjg7ajw=":{"valueMac":{"type":"Buffer","data":"P14Cu2PEJQyTSiA9TdfRCYgkCTugD+dkPZmf0XLkLS8="}},"PgdYDrydnDubxVvFHhO6R1snEpV3DzinOSdlSzzpcEw=":{"valueMac":{"type":"Buffer","data":"rLjeEajrC/nYk0mA+X5aKFA1KgygEJBHoMtlt7doSkA="}},"PlcFPs9oakJYh81eNSvrTClS9JAJFjp97l8EBxEvLPg=":{"valueMac":{"type":"Buffer","data":"E13E9XBy6jaH6Z/9fxyaPtmseWq1RGhJhXiTyhu93+g="}},"QPQO5zd0iS6lTJ6x170/V/BAZ6mj644VuSJdU0ApY6I=":{"valueMac":{"type":"Buffer","data":"WnpxhzZfTQB9vRaTcA385hg7mXhKS9E5SWkgl9aaHvQ="}},"Qkk1jpFDqJUzo4D3LVquu6YzHz4v/8P2SCpXUSwJqbA=":{"valueMac":{"type":"Buffer","data":"o/aznfTdIL73lx2OjDHGuiVnugfurEX3S1h8Wu9jtxg="}},"RCBfK5JGHOKCazX5r+t0sOy7Do4payAKAOhOniKJRdc=":{"valueMac":{"type":"Buffer","data":"B53Weqe86mjI0Kxla+Ye0ZmlbIS1Mii6L6hHpxgLR28="}},"SAiJTu9tBy51oKvTWsNxnVbPAe1oRKIs7YzIZ5eFlk0=":{"valueMac":{"type":"Buffer","data":"8eLaVsIq6v6VOMh1xm5YTYOtSj5mqxRkbbeA5KSPkr4="}},"S5zCl4BzYyXLAqn0fH2HkjoPisZmCbdekvmcreIjTxo=":{"valueMac":{"type":"Buffer","data":"T3E8Kz+3wfcSurfJnwYFpqZ8WJRVL5bEI04snIIf/gs="}},"TcQXK++0RfVPG4fpAnAwQfzghPLvE6TkUZQ/qvr99kE=":{"valueMac":{"type":"Buffer","data":"r8PM4NEQaSWQAf+mA4hUXTLng/qvtqSyRNWqJfXllTc="}},"T7la/cBRgGbE3KnfJ+P0wdb+p+hvFz7aZrBk3dpEqKU=":{"valueMac":{"type":"Buffer","data":"lOpFlGd/QbT5+Xw6uthwZ2Gc8SME8XBtWNR+V/UPCPE="}},"VHT2eV1Nx886BqUuqOpAgv6WbnG6DOaJSwcdQoRWang=":{"valueMac":{"type":"Buffer","data":"UDnoLnEFe8HzHzSUH/yhS5Pv8I/5rVMT4PmZ+zFGeu0="}},"V5MERK2Lt8U8V3zIdbYftkuSMr5MwHqHaXmgnZVhyjM=":{"valueMac":{"type":"Buffer","data":"hi2DOSpK8dsqLTycg6h8l41zGmGrMWA1YQvyTnmLTbw="}},"V62xZdlQWHdn+kNHj9nBRfVr9JcNkS9J/Jiigk18N2U=":{"valueMac":{"type":"Buffer","data":"FxyrSNLsQjmxPJM2ikHH1sU2t2R7D9eZxjjUH5nTahg="}},"V/xIExAViaN6HhJZmM6xplpXC6zXnVi7sVp5XEcP+5M=":{"valueMac":{"type":"Buffer","data":"7J71HZnhRv8oKoeWA5pyjbjvzs8WCsUjoQKsDA9ikuA="}},"WQ8Kt7I+7Q1m9IQ3w9B87CHCqNcS0+HDc1xJboEJwKQ=":{"valueMac":{"type":"Buffer","data":"byCtg66JVzcCTb8CjxQ2VeL+iNtPU7d1xL61w87D2io="}},"WQ/4N86xy6HNspF7gVAxc4qXb5XYeHPTzrfaEtiXNzE=":{"valueMac":{"type":"Buffer","data":"KcmXX1QBXK4kKgkVT25nBVHxUtTIDqrETfb/PBU4E8s="}},"XVEugndkRRtLGuEdGiYUyHGxzt85WRNEzyRwIGNY/aE=":{"valueMac":{"type":"Buffer","data":"LwjbSk3rIpjgV3gtJC5MuNvTzvDAmJMcEvmwZ4JBNmw="}},"X0teQBnReOpkOryy5UB9a/qspY1WPDtj/9uCt9b7wmo=":{"valueMac":{"type":"Buffer","data":"qK/8n3von57qvyNHzIbDCYMBFHojFOD64mCyc9ZF8J0="}},"YbYXbEeIZq7NCRTqrpCaXzCRiAd6RMtG5aQZp/sR28E=":{"valueMac":{"type":"Buffer","data":"G1u/Em+UBpzxCPpKq+KjqsFcboONRNIjRkz1HOXePrM="}},"Ycw5pMFnCzGdgE/k7R7TVZxCs5IDx1bRPJWLNbKfZHk=":{"valueMac":{"type":"Buffer","data":"S1T7LcgscZBjlTyyNGOlY8m7pRkmMEkhT4FYjlFZnU8="}},"Y/DBUYcYXFsjo7rxJmTIl1t1eEtN4Ul8z7rKJr3+dqQ=":{"valueMac":{"type":"Buffer","data":"uZVGdfXZoDPhbp5LDRYUXQHwz5LDlyezKZUiOjtRhN4="}},"Zhnc0yMBpDNNrNui1WEghuvKz6J2S6X+ZwsHIDpwfOI=":{"valueMac":{"type":"Buffer","data":"d9XK814vrsGsPFY86szM8HqP0RbsDl1kMGTAMG0jCLI="}},"aHegCr/lFuMLaZifGZXNsNtlOvSkwHl8FLpa0caJfjE=":{"valueMac":{"type":"Buffer","data":"wHeELTAqwPJBVnMNNClgj9i1F5NcZ8QwlSLGu3Dx/40="}},"aLzU8fyHF5zX7MUaPGzctAbMskdA2Y1pyZHNZgeaZ3I=":{"valueMac":{"type":"Buffer","data":"gkj1eiYd5dP42VICyeGzDbewfnokpxtXNT+EpbvoTBs="}},"abQOKBbKo5Gmf0V10YPqZxNkEW+I7hdvqp8JPX/eJx8=":{"valueMac":{"type":"Buffer","data":"YmhjzKrZB2/uzcVUQaztLRcf8BD1+/oYMS/axcPHORg="}},"aoEm9SK1mgCd5tfjMAG49NFkhR9v8cmbllLQRaIzqA4=":{"valueMac":{"type":"Buffer","data":"M8Me4Px1NAXdkIWU91HvRaSnDJcuKFq1aGOOGweXJXQ="}},"aprOwKX5AbKOVJlwZXWBXkVuwzD6JMU/7syv+4AyVcw=":{"valueMac":{"type":"Buffer","data":"gDLP5MJuROH4sgvmcP9uKBXTyY+QRO1tS3XgKfjpQqs="}},"bAwBR/UwSlEga4xoYXjDUfkYEdMDV90/kYJyuKDFqAI=":{"valueMac":{"type":"Buffer","data":"9E3+w/F5+6Gl8MPRQrBL2N/xlWE3uRPhK4n0A2WnAcY="}},"b4OuTydKhFY2hDq0PuxvIgk7wj9rLp0wFpI1We76LLU=":{"valueMac":{"type":"Buffer","data":"Basg6TmfkHfCP84tZvjzBSH8hA7uFukBEi/ms7rVpqA="}},"cY063lWK1hXixGkjYUR/1kz3fZ2/UcVSCYUdW6pgKDs=":{"valueMac":{"type":"Buffer","data":"QrF0uh9qGvTjpT8ZVk/XGpFb7Q0yiCdcdOYT1Hq1AXY="}},"ctn6/z34OgfXKXskgj/FvxUcX9Ju+0DKTNrCTIk4qjM=":{"valueMac":{"type":"Buffer","data":"AWGgxOcY36fvZo1fRe4sh3dQ7lThKvzF9Elt/CmuIiY="}},"czQjLdpupCgUgoTkfve+U7mG4zzG0IH1J0Y1lH+6Co4=":{"valueMac":{"type":"Buffer","data":"NK2KvAYp2HVqj8QcbpQ+6SV2xwXHzSi77M2WF4H7ld4="}},"du+cRJSqespgE8NhPshOIzLuYXd0f0dWclVG+u98pAU=":{"valueMac":{"type":"Buffer","data":"USNL3hK781+Mh2xHuR7Lc9aY7Y4PUP6eR4IewzmYPAE="}},"d0SP6fAs8RxHRAzk4UcuehQQg7cqOoeFwF4ZuQhjB5Y=":{"valueMac":{"type":"Buffer","data":"XFyuro+tCjs4XJyT7EoIsIYac9GnyoqLTstyfXFLazw="}},"d+SlwzUgBaWSuEcrCfH3P3cjNZt2SZ2+E30GfUDGqnM=":{"valueMac":{"type":"Buffer","data":"UBH/3c2UbYV14/cyoCJIXdzOoMWBgHxJZUKddDH8Uog="}},"d/clPOuiP/FeuUxvQQB2WDPPg5cH+AYyXms0BbS7JBw=":{"valueMac":{"type":"Buffer","data":"upDXEZPkic0RttD6qyIkijK6EHamsh80yylDEbU5ZEI="}},"eEOt/CDfkMlVwl9BUBZECNbBhbK4w3ZhfbSSZ90FPSw=":{"valueMac":{"type":"Buffer","data":"VAJIwYPHgFrv34lzcMyI61e/Ub9ZVomRsbI/hAbNGlc="}},"eFkIB2P/Is5tKaCDcqdfs7NioVKPr2mM//syYUmWTaw=":{"valueMac":{"type":"Buffer","data":"bek5GI4XP1qoe3dD4JlNRU65X1ArFmMCphtAA8iNsOQ="}},"eivaOUixxf06/sm8TGek7rogaCSGEGjyisD+daBO4gA=":{"valueMac":{"type":"Buffer","data":"58/67zg9blPVmuV7BHKtce0hveCY28P5ABSpBGsmML0="}},"gFNxH2J8nrm+IonJ1n9EgnCl9zXEO1qLAeUJc3p/eIc=":{"valueMac":{"type":"Buffer","data":"ytIbVitUFTZg2RCXoj67pCnxFFLUdsYgsRNlWErqd5c="}},"gqzLuk7lP0vAe+/oIn2fswAm/yBiUvC9j5f8m1uFFWw=":{"valueMac":{"type":"Buffer","data":"Ylc243y+oB7UcuWp6wxJYYRC5svzb3vv0KwDFs4c9RM="}},"gtqL0Rv3tY84+WUW6RLfs6/7lEFA2k+0doomuz6/6ZM=":{"valueMac":{"type":"Buffer","data":"rpEK7S27okzk0cgwfZGnWqvjSrxb2SKUhyie9ZPl6TM="}},"g6ICVZOwDWqsxltuXAk6N0JgnbDBis6pd56rTvUtV6E=":{"valueMac":{"type":"Buffer","data":"qBSFU2tOe9Y+r1zDaVrzsQ+iftQ/Yyyud2TLX2IdZKs="}},"hOYLP4B4EqZHJ0FAlE3BZLgvnnN7EOr5GkI0EFpHnP0=":{"valueMac":{"type":"Buffer","data":"16p/6ibV2PMqEsTekR95YvJjUUndfL1b2kKJbuxPtFg="}},"hpr0qVk9KSV3ZAJMBxwaPlP08RiFiO1p0k1ldNByuwQ=":{"valueMac":{"type":"Buffer","data":"fQHmMpp+403w+MCiorzY7/AYhtDTR2AxiTCxuP7SalQ="}},"hubJaCD1YX+mB1nRrFK4SR0VNCyqxNzb8of3v4PuCVM=":{"valueMac":{"type":"Buffer","data":"PUkSgqxrNTwuiliQaeJ7PeRFxm1u+pzLWhqj1zI7Mds="}},"h3DVYRgJ38rkZX/qTawYsEe7ZWvvuc+CyiTjdgqhKkI=":{"valueMac":{"type":"Buffer","data":"6w7cDdZZoNN9bcw2746Fpm+jWtMzobfR7AaFdujiUp4="}},"h+7AUNoSkOiOTX2cHaSGQFXyHT30/VIKRIAEMbSE/Ew=":{"valueMac":{"type":"Buffer","data":"3hG/5s5b8L8gX8DThM6LUqzX/8Yss204Ut5Sbfct4CY="}},"iDmJ0LMmuAUR8M8A8FQS5c/Nv9p+zPEnSOc2GKnI+T8=":{"valueMac":{"type":"Buffer","data":"gT79Rqf6t0YEqw8pQnBhHFsWrUpQVFrGbUzhXyyUL2A="}},"iDnD1cD6p1LS+LAHWO9Det0HkC8TozBUX1/xsBpDaTY=":{"valueMac":{"type":"Buffer","data":"7BSoV/Q4qed4nnoelgYUje5Zi4iiU21/cU8Ys+QTpgY="}},"iF7M/baCKEFqFgmnl5sPtMhsdBMil5hBaSsUaP4kIeI=":{"valueMac":{"type":"Buffer","data":"G6JgAiAmVVZtnnX/qWljwTJWKRjdQaC2v/1vAVfX3vY="}},"jBQ6rbKaxh9/oQJc/fHkUceK9WAb75P22E0clmus1nM=":{"valueMac":{"type":"Buffer","data":"FZPnm+shTSyEW6s8C1EJtmX2vw+MWWk8ubFRsJWE8yc="}},"jGIWPzYI3b2UF40181lWt+adjlkut3ZyHQVvE0GZDMk=":{"valueMac":{"type":"Buffer","data":"+wGpXOe1O2brSrEEaOu2rmQlxoHfIf4L2wiFVunnolU="}},"jOUj2xHzvM+Z8CoRL5lsZHoqkpeP1XhxYG7g2eJs83g=":{"valueMac":{"type":"Buffer","data":"X3MGyNlKAy/LV8sygn65xHx/GQ8vDmEnoWX85D436+A="}},"jZlFP5qDt0U/JBiUk0i/2PpXjzSkst99dGB6wGOch9k=":{"valueMac":{"type":"Buffer","data":"a0u8DdKA6VLu6oY/8CaOeorDlK5Ke1zSlS3M7Lc4MDU="}},"kB5CONtmQilNog+lUQRQBvG5FAe1ar1HsAHNKuRs6IA=":{"valueMac":{"type":"Buffer","data":"/0HExg/4PHqsEpz3Gq+hYtbYVxSlixQpQODIA701TJo="}},"kE8OutgN7IAbx9hjCw9vhPM0DDKhtSU4CrruozLsaqQ=":{"valueMac":{"type":"Buffer","data":"QvFQtYZbF3X/1vSsb04PpHnVXLW/S/3H+26XN6Urlew="}},"kFL+wSY0UM7Gb8YdGtSIj1N2gpzIa7lykxsrggqdHb4=":{"valueMac":{"type":"Buffer","data":"0gK8hjRN1D7Q6G0e9PlnPw21NUrizJ7fdaG+mQ7AJC0="}},"kv84JWloFYpXRTeyf7NTsyoUMFMze73EGEucZm5Q51c=":{"valueMac":{"type":"Buffer","data":"S4rk3b51DESYaywn7gqjXkNJiv1h2i4/RJPtcaw7epo="}},"kzEdb9TqnZvkPOPk2+LqqzTM2RjEwPqNDjaPayVqwwY=":{"valueMac":{"type":"Buffer","data":"Z990e9K3Q+VIlunvpLDDj+p4SJ63w/7kc3k8iVYZFuY="}},"lhF8WIcrWrsJrj5ubOtGChY4fvqWUrbh6YsH4GBM7Pc=":{"valueMac":{"type":"Buffer","data":"1HXDiVFR2BTtiOCWNx15U+0i96IQVUZH2sOUtnkYU5s="}},"lyvNVE9xI+dbLZ058oEHmrh3cjF9tBPapUEVBrZam58=":{"valueMac":{"type":"Buffer","data":"MaCGL+dhyGWeo1DikJH3yAGhBBH20LjauYXuoBql9HM="}},"l8I5heEMYmogVDGC+1gwwKIQA9qWtEMVeqcmLCNnt5Y=":{"valueMac":{"type":"Buffer","data":"4oqqfGjiTan8BgPzHIVyQor+7SsYUQyeAUnB3tC93gg="}},"l+pgLlJ8ZU5Z6qooHXzntemYluzGraJgjDyQHUE8HBU=":{"valueMac":{"type":"Buffer","data":"6IVHavw48pooJG3EQkk58fA2nD2xy4CQkhgCw7m+row="}},"m0iN4ZkAfrZVKS9/XNEsIVUAm5TnBPk+TFSN6A+bxFM=":{"valueMac":{"type":"Buffer","data":"fV0M6DbRBtRcfOz1LNYpMOOTKzzy0RotBf25ia/6oig="}},"nSu4C/E1r3vjaA7dZhLzxt3+th3owatJnbOFd/a10cY=":{"valueMac":{"type":"Buffer","data":"v7LxJcCWgHJvz+eVwCDoaDmULgD0Wmu0+hGynshPci4="}},"o+X5yGl+aYcWoQYDAk0yqKGZHbS6TaC0Qw3ZkxYmyUs=":{"valueMac":{"type":"Buffer","data":"uodGo9mn09+PyaSkF+BFkU3GT4EOOUgKEOnGTAwdGJ4="}},"pQqXPla5YdK5LeNatS2BPA7gIGsfcFdH1kS71ePrDNI=":{"valueMac":{"type":"Buffer","data":"XSDzcRX4JNEdsrmeEKdFHO2d1JAE7yyby3/nUIVlF9w="}},"qQ4C/k/7Luvmj4JgQTJhsh7Ch7UGJjB8rRTycKsWhps=":{"valueMac":{"type":"Buffer","data":"/e2IbVloMliwqL0xL01e/bnnhK1UTU92HeSYlTSIGm0="}},"qhdRTIaKf93ZXmgLtX2HCrELO6kAv24HVeXrSspK++s=":{"valueMac":{"type":"Buffer","data":"Dz1/ArjThql/5um7c6tcX16zgsLlok1SVEyFMtLlnzM="}},"qpTBw9fcjokbnkg0Q/rA5qDpLIOlnp5FDlgjfwAzp5g=":{"valueMac":{"type":"Buffer","data":"TxBKA5vPj5Iqn2d7XRm+8W10bE12xQza9is52P+kwFM="}},"sFaG8JDhJfHXfaL7rTwwUwEdrTBFBJqsyuuhzm4c1yM=":{"valueMac":{"type":"Buffer","data":"l/7lQGm6fTwymsN/L6zkr8V8LBRNyCM8pP5VXMCFLE4="}},"siUkpa2vYbeGa5ENq0vzTACMZHzy40r/Bp08jR+mW9U=":{"valueMac":{"type":"Buffer","data":"Dfpi4GevZ+yjc579UjXUZ0YYR4LbKAl8uFemDhqjnCY="}},"uA7pYHPImEt2EE6Eu5Ju/zua0HdIgdUvJfJZD2CDmw4=":{"valueMac":{"type":"Buffer","data":"XUzWG8BcRrkTNHkQHM8slMhQPzw3M4L+iFHXAPGKgDQ="}},"ucBjwA2EJjEqrU83CBoSIhRzSuQDVFizg12/jUXQFkU=":{"valueMac":{"type":"Buffer","data":"DhOG74RtBIOAxuJD9ZMyQp9NezR3YBgSXPlaCW3oMu0="}},"un9rujhsahuLPULwmF7a9saPrr6cw4REhEGwv3vrE5w=":{"valueMac":{"type":"Buffer","data":"vNFtSGHnbcLVlJZCc6UaTXCxkEIyxxylwEEfOVeTjMo="}},"u73bsnyEFfr1UF3p95Yup9QvIbKlrOZBHGFjXtfM7o4=":{"valueMac":{"type":"Buffer","data":"jlCJKfcA+GaS9PYgrplC4m6UiU5NYpbsVbymU8IdneA="}},"viSDYgufdERTFBy9jLJImAztkWhCjw68KthPUo5iOlU=":{"valueMac":{"type":"Buffer","data":"p0X5fFChjpFPWKt1CboOQU627fsfkC/d3ArXGh3GwqM="}},"wQAH0GRxjVvuyp2xU8ME2gaTtqUkCbrRthsSbh9Z4m0=":{"valueMac":{"type":"Buffer","data":"4JQQLEWP2YOAZ78Owj4stewUk+930jBKXy0gFVGX8G4="}},"wQcuFdp/oZ6WQLCuDXZ1yGIke8kTOOZzJXT10KR4/QI=":{"valueMac":{"type":"Buffer","data":"3VoXpUqmN+COi0Y0kNAu8bSllpw1t1gFduls157+3xQ="}},"wRC5HwF29zTubh2/m/YSA0oT49kdgbY9iCFxjsPNQ2o=":{"valueMac":{"type":"Buffer","data":"joJyVMGrSXQfEM4UHq7iq5uO3ajf26zaBR3ZdYORnDA="}},"wc5JSo2aS8hyIaq+CfUqYKSaQkJ6DXylJQfy4sJYlMQ=":{"valueMac":{"type":"Buffer","data":"aFHQUcFH/XGTWxYjn12NfIllDRnFMNbgqYsy2YcznmM="}},"wfCOt9lf7yGSQpJ4d5nH9/iTR2mvlGefbIOTdR9gz/I=":{"valueMac":{"type":"Buffer","data":"xytC84+hUR9DiXiCEGROay31K/laACKjBYP2QVVSRmk="}},"xEil+Rah+UtnOV+Ksihdgn1lPFpwdFNkBgd+uz8T6cY=":{"valueMac":{"type":"Buffer","data":"6W9rsIgzobmlYiX8gDr/qqnJM2j+98n8nQvIXZpAMek="}},"xLr7CcJrJVjkMmYY0ZJw9HSa+KaaztzMwxuRCR6wbTA=":{"valueMac":{"type":"Buffer","data":"vy9ofvSv0UjNeKrn2a+69q/5q4nFlLaIeZIFZxoxEYo="}},"xyMXRB24rOOMVH41N1DZzB/gufKwcoluEXJpG/yuZ8U=":{"valueMac":{"type":"Buffer","data":"bJxvoVbli4Ve4e+mgChmjpSkR9ExrhPV11hJ720oDYk="}},"yWh5fQvMWNL/IvrooGmKGdwstBO/WfPiZpEOURSVBbA=":{"valueMac":{"type":"Buffer","data":"+lq6jBuudRva8q8XSItd9oPb+L5rGcVqQAIq1zQ4HS8="}},"yszce/imObLbxNubi2qAyQIzs8S1kWjFpDhfHCI32Po=":{"valueMac":{"type":"Buffer","data":"llO2QPyJ9xAwLsSlO5c2DAVQYmihPTBomcfESqvfP8E="}},"zCdikIGN6n+jfQufxpp20c+1uaPHGiB2GGRCsBop7Rc=":{"valueMac":{"type":"Buffer","data":"Mc2Y76sQwBszGQDULELcOWs80OxzRedp31TIRkUmSYI="}},"zVu07bRK9mZ8IMhVy41G4UYjvMlXaIM9hj60nQkAXyk=":{"valueMac":{"type":"Buffer","data":"eA217h8H4Qj77gQgztAcgkNjM47mC38g6kYewt+D+Gs="}},"0MPuW2L7tL+/14U7swxHpsy4U5M2a8oPgNGTnHu+eHg=":{"valueMac":{"type":"Buffer","data":"huHMGZOXPXfKKElIcmjfnfpIZ5EBeLbu0B479UBB30c="}},"0fMs03OP/wYw/RazjNR6YAktUuQnBkwKwvgP5WU7GqM=":{"valueMac":{"type":"Buffer","data":"s1voDAkqoEv+xTvlmk07x5aO5Zia2D2BOzVyBCXYc+8="}},"1QCvyRjDFN6tL9NIlPcuP6e7oG7JmS8nzIIwIGKOLsU=":{"valueMac":{"type":"Buffer","data":"tj+hUkW9xYnMeNch2blcfo0dG9xLuDdQKwJD/p77+7I="}},"1rBzaKakyY1F9dBR0V+vbmCKubMGiMc78piVuREL9fo=":{"valueMac":{"type":"Buffer","data":"DawqkMvO05p5SFGvQGtIf/7NXIJnBcnEas23YRY+Rx0="}},"2JitElyAMdOhmQVLR1nIK83ekUOl76je9ysudRJAC/g=":{"valueMac":{"type":"Buffer","data":"h6FXWZ3aPw0L7jIaRki0wEOopIQrGfn/109IesNc0lE="}},"2aub/Vt+E71aD/H4VVwhk+8EAYaanUzvtvMisWDpxPk=":{"valueMac":{"type":"Buffer","data":"mDpVszvCsAsTt0xZgDPdCY7UYTDkOA7U0zKKRLg0GB0="}},"22jEBvQgjI1Ha8SolnHbVPamuZ+nd3/mlYu/zJmtEVQ=":{"valueMac":{"type":"Buffer","data":"Z1iyKfrnGtq63sfloVBNxnc9nHRiz/+VwhisCjp3gkU="}},"286v6p2G17LM5g2HegZkIoWJa5PEFVTF7bm9N34irSA=":{"valueMac":{"type":"Buffer","data":"WSJxRDfR2QN39yhSlMtlTt9Ys2p2WKNW80icrmFD50c="}},"3M09GZI1d1aY2ofOcJ9utWcssSqueZmoK3zy9IoTHnY=":{"valueMac":{"type":"Buffer","data":"hl1ZlhR5oVo6Sa1IdWPijdJvbf+EbhgG5jUDUrlyb34="}},"3W9BGxkLSKqOub7f6fIZ91EYo8QNpLBN6kziriEvtvY=":{"valueMac":{"type":"Buffer","data":"EcB8DfX5fID8DAZcoLptdJgT/i7xLhaywVzTk5PpoN0="}},"35lTM0rI6amoGHUaX3ETThvjBifypW7ohpiLmgwZ4N8=":{"valueMac":{"type":"Buffer","data":"CABlWPgkbXL6KvmYWykf8lR8fA1PAKyzHVVF2U4nQJA="}},"36LHVP0HOLQ/gJ2n2oiE+yKtPo4iwGvoBjEtWIEjBrE=":{"valueMac":{"type":"Buffer","data":"G6a+Bi3uQw8FHP/BpTWKlue5foufuXmbPQGeaH4MiPE="}},"4HHp292ZUF40m25prDJbRCHvLWAm5FqEkyVMl63qXsA=":{"valueMac":{"type":"Buffer","data":"E4a8WjjhEOZlFhiXbhZaKTCjU34IMsMv1oUuu6VvNEw="}},"5LRR8jDIqb3DjxRR0vHR9S7dl4bdvlsNsWRR6vg8jRM=":{"valueMac":{"type":"Buffer","data":"ehubVEg0lzPaxc8x9c4k2vTIV964JzYcGm8ylq+YMHs="}},"5vxAxSDqYAx/4jQx41nJj2A31M5eMTNi1hoG04ldnfw=":{"valueMac":{"type":"Buffer","data":"4WSftdeXQAJc2uujtWPDnRjsl0f77di1PlsZC/xDlrc="}},"5+qFADmf1vUa++fRGelZ4obSXLdvk+olSKqlKuJ9QQ8=":{"valueMac":{"type":"Buffer","data":"F5xJqh+1ZmcR7dsWS23pEkS5FpsXY/mn3OUNBEtJJr0="}},"6HNLnxS4dQAX6+S+SDaA5eEQNuvU1/42SvlBxbLkasg=":{"valueMac":{"type":"Buffer","data":"mvvUnOPuSPhTaV1k1lpqb7RL1sfyUVuGlSWi8N7uSG0="}},"6JjaG5Wax0GEJcLDnZDHcAughXNun1gCxWkM4N6RkQk=":{"valueMac":{"type":"Buffer","data":"gPDakDFiK8P7mj21utSA8285cVYX+uFUK4ffNvBmpxA="}},"6qT0Na++Ds3oPbDtR+PTG2KQNvQc0dtwnd+Qk/2YgAw=":{"valueMac":{"type":"Buffer","data":"Y06RWZn+mDPThsYqFPpvF70x41GSvAqLly/nf6CGwJs="}},"7SbFkYPgljTVoct2moD9n8qGVetvxMY9j/q9x5WF254=":{"valueMac":{"type":"Buffer","data":"MkJNSTPZtjgwSIe3EPJwt8lvTasw3WxFpcQFOrEZkFw="}},"8AyrDLCshYKaZxc/Mroh2EV0qYjOzfzQmcwGky4LoXs=":{"valueMac":{"type":"Buffer","data":"easyxSU2n4unCK9blmaijEJNgbK7P28MqxVfwlU+GKo="}},"85ODPY12U2KbyPgU3NEMem5c8kqM+23jTnELTG+LPNo=":{"valueMac":{"type":"Buffer","data":"p99/rYGnIZhRr6ZNY2JxS9ZahWE9cWATbQtQ2yrzuZ8="}},"89Yji98FttAwcL7HS/SREBhi5wu+9RSnJRbzrnOnk9A=":{"valueMac":{"type":"Buffer","data":"plsXY7DkcWqiGxepwzh8yFd3cvP+sq6m99XR/9rfWw8="}},"9j+OBaSVd9qehJH4kqkTiqhmSbBzgiDXCrtBb+Gyvuc=":{"valueMac":{"type":"Buffer","data":"I2H3ISDsRNW4KGXnz98VJ+ALiB4am2wWcFXh3cuXDH0="}},"/GHTQUkTqKkSD43UAUASFMXnOu4pmUvjN6HCbzFtFEQ=":{"valueMac":{"type":"Buffer","data":"o6PFcNVVP5JY1dSJTkM48T97UFC7EBQG+ZkjB+CQHt0="}},"/Vs6VDhGSA87qmoS/uFxWuwm/7QKJY6MgewbFhoh+18=":{"valueMac":{"type":"Buffer","data":"nAAkS/qnKbXu95DMvWU+4b6coQ7catucAAgg18r/3Uo="}},"/a5ivJIi2fJ0JTmA7PfpKZZSOw097aYPNLI4AKPZtlY=":{"valueMac":{"type":"Buffer","data":"Jz/Fx28HUahyEtwN/81oligZwZbWPn/A7i+bbLEwsbM="}},"/oC9HZXPVX6jUYwU23TDEGPwhrLRewYC/JeKebi1M/8=":{"valueMac":{"type":"Buffer","data":"mbXiu/zztPIJISEYZhwI6QgSvzaQv66puiwGB/NsBRQ="}},"/tiLUo3xupt/cYnua6C8axTMujnKmeVMdzt56ETZmww=":{"valueMac":{"type":"Buffer","data":"RFmMBknJT3eRxQgHauF1kTVxiwmBVnlEZx7aEAS0txg="}},"/4WF1N0vVH94OraCKPs3GMKfQjmkqqQXt6XW/2MM14Y=":{"valueMac":{"type":"Buffer","data":"dEJU4UXq/j0jNH5+UObki5pkg3VtgAhJ/d4sjUPAQTw="}},"uZZZD/6aSjFqp3EYFdY0X+B0hDt4eRs9ShS1KrS6rHQ=":{"valueMac":{"type":"Buffer","data":"SiVQu8gM9s9iWs2r6yGnGWZ4WwwLEVG6nsJrtubuZRs="}},"M5NrGZomzwoqgxZq7D4pijMQxHrdkZn4O6op75a7d0U=":{"valueMac":{"type":"Buffer","data":"mGW9szn9y43q51e9XOigO1fIDzGsF4LXE6fT6UosGr0="}},"S8n0r7kkY3SuvFNHpjvh4sBCsHWCBqNgbp0DwBLB7GQ=":{"valueMac":{"type":"Buffer","data":"xtue9lBNTpQNHXmvGZlXyez/cDj0xB5KeWqtx8HwC7I="}},"Nf7SSXw9iZHkcJZ6a9wrORP+yIzDtLI6I5QuE9kAxVc=":{"valueMac":{"type":"Buffer","data":"5RmgXCVy0A/wCm/YMkqBL6PiSPuOsSfO5lU49cBE8/o="}}}}