{"noiseKey":{"private":{"type":"Buffer","data":"oLQE8xXqOqq7Ra54Q+PXTl78gfYLDf8SjAT1fvqcbkc="},"public":{"type":"Buffer","data":"VvdYGM2jTe0xlYDvTgxWRDUyiWmlokXke2WecEdeADM="}},"pairingEphemeralKeyPair":{"private":{"type":"Buffer","data":"oEzFHCf4bdvJjd/pebffEl6bFNA5c0OSjfDqQVNWrWQ="},"public":{"type":"Buffer","data":"Q31Hw770k4GBBa3aiMNgkzb3taOSJfAAH4exWykF5hM="}},"signedIdentityKey":{"private":{"type":"Buffer","data":"4PZC6GahZPgWmGzNmRTC0QAeE3DXcWy0h3C41LfM9UI="},"public":{"type":"Buffer","data":"plRTgHs5CBLvEjn0LoNS9/zFK1cMIipyec8NQ7KSwyQ="}},"signedPreKey":{"keyPair":{"private":{"type":"Buffer","data":"AJQWfDvoS+1hcu29ikKEzzO1CnCQeJ4aAeysSod1zV8="},"public":{"type":"Buffer","data":"pld1wx1NSjjftiyPCG/2nYs+oc7PKfaglRH5zT9JJDA="}},"signature":{"type":"Buffer","data":"ulmZg5AxDtRqlQBAnx51D1NvKRXNctbiAR8XzKXLZFZYYMMap5gvbkduOAUT4hGdg5iOCF2A4ArSZIE+Ow6+gA=="},"keyId":1},"registrationId":173,"advSecretKey":"MOtFxmCe7hGn751Dd5pTVdaMcbcf06vr2uiKO4wLn5o=","processedHistoryMessages":[{"key":{"remoteJid":"62856541270712@s.whatsapp.net","fromMe":true,"id":"4FFE64142171FA758D13F04E21E8D374"},"messageTimestamp":1740204556},{"key":{"remoteJid":"62856541270712@s.whatsapp.net","fromMe":true,"id":"4C06413052017805E431515AE829E511"},"messageTimestamp":1740204556},{"key":{"remoteJid":"62856541270712@s.whatsapp.net","fromMe":true,"id":"9FE4AC581767CA561A813F265FF015F3"},"messageTimestamp":1740204772}],"nextPreKeyId":31,"firstUnuploadedPreKeyId":31,"accountSyncCounter":1,"accountSettings":{"unarchiveChats":false},"registered":true,"pairingCode":"DCMXNF2C","me":{"id":"62856541270712:22@s.whatsapp.net","lid":"114216719626484:22@lid","name":"Karinaa Botz"},"account":{"details":"CPfH78UDEIXU5b0GGAEgACgA","accountSignatureKey":"KlwPsIuWCU9LytbEQGyTiwl3nwUEOaqHhMkTzn/j7jc=","accountSignature":"8/tkavcbTFpBSQRXAfvOMf+FqTjvaqnk/8cE+pZW9IwKJZQA6b8dLFK4r63FBR3nR8rvqN29uFWR+hfsWud6AQ==","deviceSignature":"036clR6xfjPAVnREIu0v/pqNMrsl5yjTZKafEiRjHLofEzoxzRUF3clwzgxz1RBQ2+Bt1NSsgrzsge0OQ7+Dgg=="},"signalIdentities":[{"identifier":{"name":"62856541270712:22@s.whatsapp.net","deviceId":0},"identifierKey":{"type":"Buffer","data":"BSpcD7CLlglPS8rWxEBsk4sJd58FBDmqh4TJE85/4+43"}}],"platform":"android","routingInfo":{"type":"Buffer","data":"CAsIAg=="},"lastAccountSyncTimestamp":1740204667,"lastPropHash":"3R9Z39","myAppStateKeyId":"AAAAAOC+"}