{"_sessions":{"BQy1exOM+9mygoBumz8W+aLOK3Gqkvvpzs63Z5UdUoQc":{"registrationId":1652559346,"currentRatchet":{"ephemeralKeyPair":{"pubKey":"BW9OCOkA5LUaWdiinI49vjB9U171VGwWSxtTfykjKLwH","privKey":"oCp72Ct8h9dg7szbqYSMO1EiaRERvFEgl8YswRvxpGo="},"lastRemoteEphemeralKey":"Ba7b7ZktAJJr5NyP+LuDnJzbIn+fvsqNuvgP7fQnJhVD","previousCounter":0,"rootKey":"azKQTZZ40eUKhhPNjsi8HGn+kic6UI9ouzEAy9L2eGE="},"indexInfo":{"baseKey":"BQy1exOM+9mygoBumz8W+aLOK3Gqkvvpzs63Z5UdUoQc","baseKeyType":2,"closed":-1,"used":1740204668381,"created":1740204668381,"remoteIdentityKey":"BWxKI2qvi7JsKkak1/Y0X+6UORyifJidXMJL9ZbvENA+"},"_chains":{"Ba7b7ZktAJJr5NyP+LuDnJzbIn+fvsqNuvgP7fQnJhVD":{"chainKey":{"counter":0,"key":"+REisEP88OXg7LRXMBHNIFd7ij3I6qP3AFh/XI+PYU8="},"chainType":2,"messageKeys":{}},"BW9OCOkA5LUaWdiinI49vjB9U171VGwWSxtTfykjKLwH":{"chainKey":{"counter":-1,"key":"ok7SR0nKKtZeSM5yvHBNPlRfCQBXtYea7GRC86MitsI="},"chainType":1,"messageKeys":{}}}}},"version":"v1"}