{"_sessions":{"BQ5cqP7Hjd4+WgK8ijnf34sgTd6pRZE+0s4ZLSpXU2E0":{"registrationId":674783346,"currentRatchet":{"ephemeralKeyPair":{"pubKey":"BUxpIyvDZHAlWS5Q4YtfMGtqIA6mnGMcwwn0u1qVNPgb","privKey":"mEhMtYPphpwoJVR1UXtEMtqxzWKAR9JA95Tg8DL9DXw="},"lastRemoteEphemeralKey":"BeRy1aT/bfAcBXalzuiceu0NTaLEwt9KU5tcKz+NYA9T","previousCounter":0,"rootKey":"+VdZ2Jhio8TDbSW0G5NDlXZh99bw2r+BoXSVKKAiqxg="},"indexInfo":{"baseKey":"BQ5cqP7Hjd4+WgK8ijnf34sgTd6pRZE+0s4ZLSpXU2E0","baseKeyType":2,"closed":-1,"used":1740204553549,"created":1740204553549,"remoteIdentityKey":"BSpcD7CLlglPS8rWxEBsk4sJd58FBDmqh4TJE85/4+43"},"_chains":{"BeRy1aT/bfAcBXalzuiceu0NTaLEwt9KU5tcKz+NYA9T":{"chainKey":{"counter":7,"key":"ZnzhbQIbfHUDD/32dfRlRuS+mFHQVwWhCveRY9DvIxY="},"chainType":2,"messageKeys":{}},"BUxpIyvDZHAlWS5Q4YtfMGtqIA6mnGMcwwn0u1qVNPgb":{"chainKey":{"counter":-1,"key":"NfnyVLCGZDjl4BO0nqHzfgKaNYrO8fWBthEYDK/rpmY="},"chainType":1,"messageKeys":{}}}}},"version":"v1"}